{
  "type": "FeatureCollection",
  "features": [
    {
      "type": "Feature",
      "id": "liede",
      "properties": {
        "id": "liede",
        "name": "猎德",
        "fullName": "猎德街道",
        "district": "天河区",
        "city": "广州市"
      },
      "geometry": {
        "type": "MultiPolygon",
        "coordinates": [
          [
            [
              [
                113.309841,
                23.122617
              ],
              [
                113.309849,
                23.115963
              ],
              [
                113.309861,
                23.115311
              ],
              [
                113.314259,
                23.115149
              ],
              [
                113.314652,
                23.115092
              ],
              [
                113.314528,
                23.114043
              ],
              [
                113.316704,
                23.1129
              ],
              [
                113.316839,
                23.11162
              ],
              [
                113.325606,
                23.111898
              ],
              [
                113.327331,
                23.112048
              ],
              [
                113.333572,
                23.112523
              ],
              [
                113.346324,
                23.109911
              ],
              [
                113.346538,
                23.113779
              ],
              [
                113.346594,
                23.114774
              ],
              [
                113.346596,
                23.114897
              ],
              [
                113.34665,
                23.115539
              ],
              [
                113.346737,
                23.116572
              ],
              [
                113.347007,
                23.1198
              ],
              [
                113.309841,
                23.122617
              ]
            ]
          ]
        ]
      }
    },
    {
      "type": "Feature",
      "id": "xiancun",
      "properties": {
        "id": "xiancun",
        "name": "冼村",
        "fullName": "冼村街道",
        "district": "天河区",
        "city": "广州市"
      },
      "geometry": {
        "type": "MultiPolygon",
        "coordinates": [
          [
            [
              [
                113.309839,
                23.124615
              ],
              [
                113.309841,
                23.122617
              ],
              [
                113.347007,
                23.1198
              ],
              [
                113.3472,
                23.122541
              ],
              [
                113.346792,
                23.127439
              ],
              [
                113.34229,
                23.128373
              ],
              [
                113.330632,
                23.129153
              ],
              [
                113.319081,
                23.130057
              ],
              [
                113.314822,
                23.130293
              ],
              [
                113.314155,
                23.130373
              ],
              [
                113.31373,
                23.130475
              ],
              [
                113.309888,
                23.132276
              ],
              [
                113.309948,
                23.129701
              ],
              [
                113.309839,
                23.124615
              ]
            ]
          ]
        ]
      }
    },
    {
      "type": "Feature",
      "id": "tianhenan",
      "properties": {
        "id": "tianhenan",
        "name": "天河南",
        "fullName": "天河南街道",
        "district": "天河区",
        "city": "广州市"
      },
      "geometry": {
        "type": "MultiPolygon",
        "coordinates": [
          [
            [
              [
                113.309212,
                23.143479
              ],
              [
                113.309782,
                23.136828
              ],
              [
                113.309888,
                23.132276
              ],
              [
                113.31373,
                23.130475
              ],
              [
                113.314155,
                23.130373
              ],
              [
                113.314822,
                23.130293
              ],
              [
                113.319081,
                23.130057
              ],
              [
                113.330632,
                23.129153
              ],
              [
                113.330358,
                23.135068
              ],
              [
                113.330183,
                23.136017
              ],
              [
                113.32866,
                23.135788
              ],
              [
                113.322902,
                23.136063
              ],
              [
                113.323018,
                23.144136
              ],
              [
                113.309212,
                23.143479
              ]
            ]
          ]
        ]
      }
    },
    {
      "type": "Feature",
      "id": "linhe",
      "properties": {
        "id": "linhe",
        "name": "林和",
        "fullName": "林和街道",
        "district": "天河区",
        "city": "广州市"
      },
      "geometry": {
        "type": "MultiPolygon",
        "coordinates": [
          [
            [
              [
                113.308015,
                23.154365
              ],
              [
                113.308994,
                23.14602
              ],
              [
                113.309212,
                23.143479
              ],
              [
                113.323018,
                23.144136
              ],
              [
                113.322902,
                23.136063
              ],
              [
                113.32866,
                23.135788
              ],
              [
                113.330183,
                23.136017
              ],
              [
                113.330092,
                23.136606
              ],
              [
                113.328261,
                23.146584
              ],
              [
                113.328535,
                23.147135
              ],
              [
                113.328685,
                23.148145
              ],
              [
                113.32886,
                23.148222
              ],
              [
                113.329512,
                23.148232
              ],
              [
                113.329667,
                23.148237
              ],
              [
                113.329967,
                23.148283
              ],
              [
                113.330582,
                23.149369
              ],
              [
                113.330773,
                23.150362
              ],
              [
                113.322336,
                23.153532
              ],
              [
                113.322694,
                23.154121
              ],
              [
                113.323085,
                23.154144
              ],
              [
                113.323518,
                23.15458
              ],
              [
                113.322295,
                23.155613
              ],
              [
                113.321579,
                23.15588
              ],
              [
                113.322211,
                23.157043
              ],
              [
                113.321404,
                23.157793
              ],
              [
                113.320206,
                23.158107
              ],
              [
                113.31885,
                23.158306
              ],
              [
                113.318483,
                23.158581
              ],
              [
                113.317859,
                23.158505
              ],
              [
                113.317784,
                23.158627
              ],
              [
                113.317801,
                23.158734
              ],
              [
                113.31751,
                23.159017
              ],
              [
                113.315155,
                23.157051
              ],
              [
                113.312267,
                23.156171
              ],
              [
                113.311301,
                23.155522
              ],
              [
                113.309991,
                23.154853
              ],
              [
                113.308947,
                23.15432
              ],
              [
                113.308015,
                23.154365
              ]
            ]
          ]
        ]
      }
    },
    {
      "type": "Feature",
      "id": "shipai",
      "properties": {
        "id": "shipai",
        "name": "石牌",
        "fullName": "石牌街道",
        "district": "天河区",
        "city": "广州市"
      },
      "geometry": {
        "type": "MultiPolygon",
        "coordinates": [
          [
            [
              [
                113.328261,
                23.146584
              ],
              [
                113.330092,
                23.136606
              ],
              [
                113.330183,
                23.136017
              ],
              [
                113.330358,
                23.135068
              ],
              [
                113.330632,
                23.129153
              ],
              [
                113.34229,
                23.128373
              ],
              [
                113.346792,
                23.127439
              ],
              [
                113.34639,
                23.132275
              ],
              [
                113.346251,
                23.133953
              ],
              [
                113.346118,
                23.13555
              ],
              [
                113.346568,
                23.136346
              ],
              [
                113.347982,
                23.137326
              ],
              [
                113.351344,
                23.139621
              ],
              [
                113.353424,
                23.142988
              ],
              [
                113.35389,
                23.144717
              ],
              [
                113.352734,
                23.145166
              ],
              [
                113.351877,
                23.145522
              ],
              [
                113.351243,
                23.145542
              ],
              [
                113.35068,
                23.145417
              ],
              [
                113.349871,
                23.145186
              ],
              [
                113.349214,
                23.144944
              ],
              [
                113.348235,
                23.144835
              ],
              [
                113.346984,
                23.144631
              ],
              [
                113.346497,
                23.144033
              ],
              [
                113.346139,
                23.143824
              ],
              [
                113.345706,
                23.14382
              ],
              [
                113.344987,
                23.144212
              ],
              [
                113.344088,
                23.144243
              ],
              [
                113.340843,
                23.146125
              ],
              [
                113.340909,
                23.14738
              ],
              [
                113.337081,
                23.147992
              ],
              [
                113.330773,
                23.150362
              ],
              [
                113.330582,
                23.149369
              ],
              [
                113.329967,
                23.148283
              ],
              [
                113.329667,
                23.148237
              ],
              [
                113.329512,
                23.148232
              ],
              [
                113.32886,
                23.148222
              ],
              [
                113.328685,
                23.148145
              ],
              [
                113.328535,
                23.147135
              ],
              [
                113.328261,
                23.146584
              ]
            ]
          ]
        ]
      }
    },
    {
      "type": "Feature",
      "id": "xinghua",
      "properties": {
        "id": "xinghua",
        "name": "兴华",
        "fullName": "兴华街道",
        "district": "天河区",
        "city": "广州市"
      },
      "geometry": {
        "type": "MultiPolygon",
        "coordinates": [
          [
            [
              [
                113.315579,
                23.162797
              ],
              [
                113.3185,
                23.159798
              ],
              [
                113.31751,
                23.159017
              ],
              [
                113.317801,
                23.158734
              ],
              [
                113.317784,
                23.158627
              ],
              [
                113.317859,
                23.158505
              ],
              [
                113.318483,
                23.158581
              ],
              [
                113.31885,
                23.158306
              ],
              [
                113.320206,
                23.158107
              ],
              [
                113.321404,
                23.157793
              ],
              [
                113.322211,
                23.157043
              ],
              [
                113.323085,
                23.15751
              ],
              [
                113.323501,
                23.156485
              ],
              [
                113.324633,
                23.155811
              ],
              [
                113.328236,
                23.156332
              ],
              [
                113.32856,
                23.157334
              ],
              [
                113.329101,
                23.158015
              ],
              [
                113.328768,
                23.160073
              ],
              [
                113.329143,
                23.160853
              ],
              [
                113.329135,
                23.161748
              ],
              [
                113.3303,
                23.161511
              ],
              [
                113.330824,
                23.161029
              ],
              [
                113.331315,
                23.161641
              ],
              [
                113.33208,
                23.161588
              ],
              [
                113.331498,
                23.162896
              ],
              [
                113.333853,
                23.163975
              ],
              [
                113.333803,
                23.164449
              ],
              [
                113.333145,
                23.164862
              ],
              [
                113.332979,
                23.165926
              ],
              [
                113.333978,
                23.16601
              ],
              [
                113.334111,
                23.1664
              ],
              [
                113.333886,
                23.166606
              ],
              [
                113.333561,
                23.168756
              ],
              [
                113.333603,
                23.169896
              ],
              [
                113.334044,
                23.170646
              ],
              [
                113.333037,
                23.170975
              ],
              [
                113.333291,
                23.171353
              ],
              [
                113.332971,
                23.172042
              ],
              [
                113.332892,
                23.173197
              ],
              [
                113.327088,
                23.171755
              ],
              [
                113.323251,
                23.169567
              ],
              [
                113.320151,
                23.167879
              ],
              [
                113.320198,
                23.167685
              ],
              [
                113.319024,
                23.167425
              ],
              [
                113.317464,
                23.165329
              ],
              [
                113.315579,
                23.162797
              ]
            ]
          ]
        ]
      }
    },
    {
      "type": "Feature",
      "id": "shahe",
      "properties": {
        "id": "shahe",
        "name": "沙河",
        "fullName": "沙河街道",
        "district": "天河区",
        "city": "广州市"
      },
      "geometry": {
        "type": "MultiPolygon",
        "coordinates": [
          [
            [
              [
                113.295465,
                23.151984
              ],
              [
                113.297543,
                23.151554
              ],
              [
                113.299354,
                23.150143
              ],
              [
                113.302382,
                23.14293
              ],
              [
                113.303047,
                23.142715
              ],
              [
                113.303062,
                23.142402
              ],
              [
                113.303466,
                23.142361
              ],
              [
                113.30351,
                23.14257
              ],
              [
                113.303703,
                23.142615
              ],
              [
                113.303772,
                23.142855
              ],
              [
                113.304394,
                23.142967
              ],
              [
                113.304462,
                23.14368
              ],
              [
                113.305265,
                23.143721
              ],
              [
                113.305275,
                23.143997
              ],
              [
                113.304792,
                23.145121
              ],
              [
                113.306165,
                23.146306
              ],
              [
                113.306754,
                23.146369
              ],
              [
                113.307427,
                23.146354
              ],
              [
                113.308994,
                23.14602
              ],
              [
                113.308015,
                23.154365
              ],
              [
                113.308947,
                23.15432
              ],
              [
                113.309991,
                23.154853
              ],
              [
                113.311301,
                23.155522
              ],
              [
                113.308427,
                23.155956
              ],
              [
                113.305971,
                23.155993
              ],
              [
                113.300865,
                23.155763
              ],
              [
                113.300072,
                23.155644
              ],
              [
                113.299042,
                23.155301
              ],
              [
                113.298041,
                23.154663
              ],
              [
                113.295465,
                23.151984
              ]
            ]
          ]
        ]
      }
    },
    {
      "type": "Feature",
      "id": "wushan",
      "properties": {
        "id": "wushan",
        "name": "五山",
        "fullName": "五山街道",
        "district": "天河区",
        "city": "广州市"
      },
      "geometry": {
        "type": "MultiPolygon",
        "coordinates": [
          [
            [
              [
                113.321579,
                23.15588
              ],
              [
                113.322295,
                23.155613
              ],
              [
                113.323518,
                23.15458
              ],
              [
                113.323085,
                23.154144
              ],
              [
                113.322694,
                23.154121
              ],
              [
                113.322336,
                23.153532
              ],
              [
                113.330773,
                23.150362
              ],
              [
                113.337081,
                23.147992
              ],
              [
                113.340909,
                23.14738
              ],
              [
                113.340843,
                23.146125
              ],
              [
                113.344088,
                23.144243
              ],
              [
                113.344987,
                23.144212
              ],
              [
                113.345706,
                23.14382
              ],
              [
                113.346139,
                23.143824
              ],
              [
                113.346497,
                23.144033
              ],
              [
                113.346984,
                23.144631
              ],
              [
                113.348235,
                23.144835
              ],
              [
                113.349214,
                23.144944
              ],
              [
                113.349871,
                23.145186
              ],
              [
                113.35068,
                23.145417
              ],
              [
                113.351243,
                23.145542
              ],
              [
                113.351877,
                23.145522
              ],
              [
                113.352734,
                23.145166
              ],
              [
                113.35389,
                23.144717
              ],
              [
                113.354381,
                23.147204
              ],
              [
                113.358816,
                23.145781
              ],
              [
                113.359249,
                23.145391
              ],
              [
                113.359823,
                23.1451
              ],
              [
                113.360323,
                23.145268
              ],
              [
                113.361088,
                23.145222
              ],
              [
                113.361096,
                23.147097
              ],
              [
                113.360797,
                23.147426
              ],
              [
                113.360356,
                23.148811
              ],
              [
                113.359599,
                23.149247
              ],
              [
                113.359981,
                23.150915
              ],
              [
                113.366256,
                23.149124
              ],
              [
                113.366705,
                23.15054
              ],
              [
                113.366697,
                23.150976
              ],
              [
                113.36678,
                23.151274
              ],
              [
                113.367862,
                23.150961
              ],
              [
                113.367828,
                23.150471
              ],
              [
                113.368511,
                23.150571
              ],
              [
                113.369201,
                23.150333
              ],
              [
                113.370724,
                23.15015
              ],
              [
                113.371956,
                23.150471
              ],
              [
                113.372721,
                23.15031
              ],
              [
                113.373603,
                23.14935
              ],
              [
                113.373537,
                23.148665
              ],
              [
                113.374036,
                23.1487
              ],
              [
                113.374689,
                23.149201
              ],
              [
                113.375226,
                23.149086
              ],
              [
                113.375883,
                23.1493
              ],
              [
                113.376016,
                23.149599
              ],
              [
                113.375667,
                23.149905
              ],
              [
                113.375301,
                23.150134
              ],
              [
                113.374161,
                23.151098
              ],
              [
                113.374502,
                23.153776
              ],
              [
                113.375101,
                23.154518
              ],
              [
                113.375617,
                23.154465
              ],
              [
                113.37585,
                23.154595
              ],
              [
                113.375659,
                23.155261
              ],
              [
                113.376208,
                23.155735
              ],
              [
                113.375301,
                23.156248
              ],
              [
                113.37273,
                23.156745
              ],
              [
                113.372488,
                23.156959
              ],
              [
                113.371431,
                23.157166
              ],
              [
                113.367196,
                23.160639
              ],
              [
                113.367383,
                23.160862
              ],
              [
                113.368747,
                23.162342
              ],
              [
                113.36767,
                23.163133
              ],
              [
                113.368328,
                23.164564
              ],
              [
                113.366147,
                23.166522
              ],
              [
                113.365149,
                23.166736
              ],
              [
                113.365473,
                23.167287
              ],
              [
                113.363601,
                23.169284
              ],
              [
                113.363252,
                23.169085
              ],
              [
                113.363052,
                23.169154
              ],
              [
                113.361795,
                23.168909
              ],
              [
                113.358925,
                23.168435
              ],
              [
                113.358592,
                23.165597
              ],
              [
                113.356761,
                23.166124
              ],
              [
                113.350479,
                23.166851
              ],
              [
                113.348348,
                23.167364
              ],
              [
                113.344604,
                23.168955
              ],
              [
                113.344174,
                23.1691
              ],
              [
                113.34383,
                23.168825
              ],
              [
                113.343364,
                23.168662
              ],
              [
                113.342846,
                23.168589
              ],
              [
                113.34263,
                23.168684
              ],
              [
                113.342212,
                23.168766
              ],
              [
                113.342005,
                23.168726
              ],
              [
                113.341829,
                23.168683
              ],
              [
                113.341191,
                23.168526
              ],
              [
                113.340251,
                23.167873
              ],
              [
                113.340105,
                23.168117
              ],
              [
                113.340085,
                23.1692
              ],
              [
                113.339603,
                23.169667
              ],
              [
                113.337963,
                23.170409
              ],
              [
                113.337181,
                23.171923
              ],
              [
                113.334993,
                23.172421
              ],
              [
                113.333936,
                23.172229
              ],
              [
                113.333291,
                23.171353
              ],
              [
                113.333037,
                23.170975
              ],
              [
                113.334044,
                23.170646
              ],
              [
                113.333603,
                23.169896
              ],
              [
                113.333561,
                23.168756
              ],
              [
                113.333886,
                23.166606
              ],
              [
                113.334111,
                23.1664
              ],
              [
                113.333978,
                23.16601
              ],
              [
                113.332979,
                23.165926
              ],
              [
                113.333145,
                23.164862
              ],
              [
                113.333803,
                23.164449
              ],
              [
                113.333853,
                23.163975
              ],
              [
                113.331498,
                23.162896
              ],
              [
                113.33208,
                23.161588
              ],
              [
                113.331315,
                23.161641
              ],
              [
                113.330824,
                23.161029
              ],
              [
                113.3303,
                23.161511
              ],
              [
                113.329135,
                23.161748
              ],
              [
                113.329143,
                23.160853
              ],
              [
                113.328768,
                23.160073
              ],
              [
                113.329101,
                23.158015
              ],
              [
                113.32856,
                23.157334
              ],
              [
                113.328236,
                23.156332
              ],
              [
                113.324633,
                23.155811
              ],
              [
                113.323501,
                23.156485
              ],
              [
                113.323085,
                23.15751
              ],
              [
                113.322211,
                23.157043
              ],
              [
                113.321579,
                23.15588
              ]
            ]
          ]
        ]
      }
    },
    {
      "type": "Feature",
      "id": "yuancun",
      "properties": {
        "id": "yuancun",
        "name": "员村",
        "fullName": "员村街道",
        "district": "天河区",
        "city": "广州市"
      },
      "geometry": {
        "type": "MultiPolygon",
        "coordinates": [
          [
            [
              [
                113.346324,
                23.109911
              ],
              [
                113.350707,
                23.10929
              ],
              [
                113.364457,
                23.108802
              ],
              [
                113.380317,
                23.109747
              ],
              [
                113.381494,
                23.116217
              ],
              [
                113.382322,
                23.117287
              ],
              [
                113.382499,
                23.118338
              ],
              [
                113.380668,
                23.119251
              ],
              [
                113.357485,
                23.125449
              ],
              [
                113.346792,
                23.127439
              ],
              [
                113.3472,
                23.122541
              ],
              [
                113.347007,
                23.1198
              ],
              [
                113.346737,
                23.116572
              ],
              [
                113.34665,
                23.115539
              ],
              [
                113.346596,
                23.114897
              ],
              [
                113.346594,
                23.114774
              ],
              [
                113.346538,
                23.113779
              ],
              [
                113.346324,
                23.109911
              ]
            ]
          ]
        ]
      }
    },
    {
      "type": "Feature",
      "id": "chebei",
      "properties": {
        "id": "chebei",
        "name": "车陂",
        "fullName": "车陂街道",
        "district": "天河区",
        "city": "广州市"
      },
      "geometry": {
        "type": "MultiPolygon",
        "coordinates": [
          [
            [
              [
                113.380317,
                23.109747
              ],
              [
                113.386196,
                23.107633
              ],
              [
                113.391893,
                23.106787
              ],
              [
                113.392906,
                23.110759
              ],
              [
                113.393324,
                23.112535
              ],
              [
                113.395879,
                23.111628
              ],
              [
                113.395846,
                23.112439
              ],
              [
                113.395781,
                23.114985
              ],
              [
                113.395079,
                23.116849
              ],
              [
                113.396702,
                23.11696
              ],
              [
                113.397231,
                23.118956
              ],
              [
                113.39771,
                23.121041
              ],
              [
                113.397933,
                23.121691
              ],
              [
                113.398342,
                23.121608
              ],
              [
                113.399407,
                23.121286
              ],
              [
                113.399707,
                23.122419
              ],
              [
                113.398892,
                23.122786
              ],
              [
                113.399391,
                23.123873
              ],
              [
                113.397993,
                23.125174
              ],
              [
                113.399324,
                23.126643
              ],
              [
                113.399091,
                23.128832
              ],
              [
                113.399491,
                23.128924
              ],
              [
                113.399607,
                23.129551
              ],
              [
                113.39959,
                23.130378
              ],
              [
                113.399108,
                23.130454
              ],
              [
                113.399191,
                23.132551
              ],
              [
                113.395817,
                23.133408
              ],
              [
                113.395685,
                23.133444
              ],
              [
                113.395869,
                23.134397
              ],
              [
                113.395924,
                23.134681
              ],
              [
                113.395842,
                23.135097
              ],
              [
                113.395666,
                23.135481
              ],
              [
                113.395247,
                23.135937
              ],
              [
                113.394576,
                23.136558
              ],
              [
                113.394156,
                23.136738
              ],
              [
                113.393946,
                23.136986
              ],
              [
                113.393834,
                23.137258
              ],
              [
                113.393855,
                23.137578
              ],
              [
                113.393985,
                23.137884
              ],
              [
                113.394348,
                23.138205
              ],
              [
                113.39585,
                23.138824
              ],
              [
                113.396232,
                23.139099
              ],
              [
                113.396627,
                23.139865
              ],
              [
                113.396799,
                23.140201
              ],
              [
                113.397273,
                23.141011
              ],
              [
                113.397554,
                23.141583
              ],
              [
                113.397575,
                23.141748
              ],
              [
                113.397644,
                23.142265
              ],
              [
                113.397601,
                23.142831
              ],
              [
                113.397395,
                23.143391
              ],
              [
                113.397116,
                23.143735
              ],
              [
                113.396895,
                23.143983
              ],
              [
                113.396448,
                23.144387
              ],
              [
                113.395733,
                23.144971
              ],
              [
                113.394889,
                23.145731
              ],
              [
                113.394135,
                23.146853
              ],
              [
                113.39345,
                23.147847
              ],
              [
                113.392651,
                23.148522
              ],
              [
                113.391986,
                23.149087
              ],
              [
                113.391652,
                23.149406
              ],
              [
                113.391214,
                23.150549
              ],
              [
                113.390941,
                23.151359
              ],
              [
                113.390673,
                23.151751
              ],
              [
                113.390321,
                23.152058
              ],
              [
                113.389877,
                23.15225
              ],
              [
                113.389244,
                23.152431
              ],
              [
                113.388618,
                23.152492
              ],
              [
                113.386585,
                23.152746
              ],
              [
                113.385595,
                23.152864
              ],
              [
                113.384857,
                23.152903
              ],
              [
                113.384531,
                23.153032
              ],
              [
                113.384227,
                23.153318
              ],
              [
                113.384,
                23.153682
              ],
              [
                113.383774,
                23.154037
              ],
              [
                113.383426,
                23.153612
              ],
              [
                113.382775,
                23.153503
              ],
              [
                113.383012,
                23.15305
              ],
              [
                113.383071,
                23.152434
              ],
              [
                113.382835,
                23.152434
              ],
              [
                113.382913,
                23.151437
              ],
              [
                113.383465,
                23.150948
              ],
              [
                113.383623,
                23.15122
              ],
              [
                113.386205,
                23.150549
              ],
              [
                113.385239,
                23.148447
              ],
              [
                113.385969,
                23.14803
              ],
              [
                113.385867,
                23.147607
              ],
              [
                113.385476,
                23.146942
              ],
              [
                113.385258,
                23.146532
              ],
              [
                113.385016,
                23.145685
              ],
              [
                113.383128,
                23.146042
              ],
              [
                113.382366,
                23.143455
              ],
              [
                113.383107,
                23.143282
              ],
              [
                113.382425,
                23.141192
              ],
              [
                113.385115,
                23.14003
              ],
              [
                113.385028,
                23.139713
              ],
              [
                113.384853,
                23.139063
              ],
              [
                113.384545,
                23.137941
              ],
              [
                113.384316,
                23.137215
              ],
              [
                113.385782,
                23.13685
              ],
              [
                113.386126,
                23.136792
              ],
              [
                113.38997,
                23.135795
              ],
              [
                113.388551,
                23.132514
              ],
              [
                113.387015,
                23.126843
              ],
              [
                113.384569,
                23.117813
              ],
              [
                113.382499,
                23.118338
              ],
              [
                113.382322,
                23.117287
              ],
              [
                113.381494,
                23.116217
              ],
              [
                113.380317,
                23.109747
              ]
            ]
          ]
        ]
      }
    },
    {
      "type": "Feature",
      "id": "tangxia",
      "properties": {
        "id": "tangxia",
        "name": "棠下",
        "fullName": "棠下街道",
        "district": "天河区",
        "city": "广州市"
      },
      "geometry": {
        "type": "MultiPolygon",
        "coordinates": [
          [
            [
              [
                113.347982,
                23.137326
              ],
              [
                113.351472,
                23.136901
              ],
              [
                113.355272,
                23.136438
              ],
              [
                113.356782,
                23.13612
              ],
              [
                113.358522,
                23.135592
              ],
              [
                113.362245,
                23.134005
              ],
              [
                113.364899,
                23.132473
              ],
              [
                113.371304,
                23.129145
              ],
              [
                113.372979,
                23.128372
              ],
              [
                113.374441,
                23.128029
              ],
              [
                113.375725,
                23.127837
              ],
              [
                113.384818,
                23.127036
              ],
              [
                113.387015,
                23.126843
              ],
              [
                113.388551,
                23.132514
              ],
              [
                113.38997,
                23.135795
              ],
              [
                113.386126,
                23.136792
              ],
              [
                113.385782,
                23.13685
              ],
              [
                113.384316,
                23.137215
              ],
              [
                113.384545,
                23.137941
              ],
              [
                113.384853,
                23.139063
              ],
              [
                113.385028,
                23.139713
              ],
              [
                113.385115,
                23.14003
              ],
              [
                113.382425,
                23.141192
              ],
              [
                113.383107,
                23.143282
              ],
              [
                113.382366,
                23.143455
              ],
              [
                113.383128,
                23.146042
              ],
              [
                113.385016,
                23.145685
              ],
              [
                113.385258,
                23.146532
              ],
              [
                113.385476,
                23.146942
              ],
              [
                113.385867,
                23.147607
              ],
              [
                113.385969,
                23.14803
              ],
              [
                113.385239,
                23.148447
              ],
              [
                113.386205,
                23.150549
              ],
              [
                113.383623,
                23.15122
              ],
              [
                113.383465,
                23.150948
              ],
              [
                113.382913,
                23.151437
              ],
              [
                113.382835,
                23.152434
              ],
              [
                113.383071,
                23.152434
              ],
              [
                113.383012,
                23.15305
              ],
              [
                113.382775,
                23.153503
              ],
              [
                113.383426,
                23.153612
              ],
              [
                113.383774,
                23.154037
              ],
              [
                113.382818,
                23.155542
              ],
              [
                113.382515,
                23.155605
              ],
              [
                113.381974,
                23.155628
              ],
              [
                113.381317,
                23.154465
              ],
              [
                113.381001,
                23.154044
              ],
              [
                113.379828,
                23.154044
              ],
              [
                113.378205,
                23.154258
              ],
              [
                113.376591,
                23.15572
              ],
              [
                113.376208,
                23.155735
              ],
              [
                113.375659,
                23.155261
              ],
              [
                113.37585,
                23.154595
              ],
              [
                113.375617,
                23.154465
              ],
              [
                113.375101,
                23.154518
              ],
              [
                113.374502,
                23.153776
              ],
              [
                113.374161,
                23.151098
              ],
              [
                113.375301,
                23.150134
              ],
              [
                113.375667,
                23.149905
              ],
              [
                113.376016,
                23.149599
              ],
              [
                113.375883,
                23.1493
              ],
              [
                113.375226,
                23.149086
              ],
              [
                113.374689,
                23.149201
              ],
              [
                113.374036,
                23.1487
              ],
              [
                113.373537,
                23.148665
              ],
              [
                113.373603,
                23.14935
              ],
              [
                113.372721,
                23.15031
              ],
              [
                113.371956,
                23.150471
              ],
              [
                113.370724,
                23.15015
              ],
              [
                113.369201,
                23.150333
              ],
              [
                113.368511,
                23.150571
              ],
              [
                113.367828,
                23.150471
              ],
              [
                113.367862,
                23.150961
              ],
              [
                113.36678,
                23.151274
              ],
              [
                113.366697,
                23.150976
              ],
              [
                113.366705,
                23.15054
              ],
              [
                113.366256,
                23.149124
              ],
              [
                113.359981,
                23.150915
              ],
              [
                113.359599,
                23.149247
              ],
              [
                113.360356,
                23.148811
              ],
              [
                113.360797,
                23.147426
              ],
              [
                113.361096,
                23.147097
              ],
              [
                113.361088,
                23.145222
              ],
              [
                113.360323,
                23.145268
              ],
              [
                113.359823,
                23.1451
              ],
              [
                113.359249,
                23.145391
              ],
              [
                113.358816,
                23.145781
              ],
              [
                113.354381,
                23.147204
              ],
              [
                113.35389,
                23.144717
              ],
              [
                113.353424,
                23.142988
              ],
              [
                113.351344,
                23.139621
              ],
              [
                113.347982,
                23.137326
              ]
            ]
          ]
        ]
      }
    },
    {
      "type": "Feature",
      "id": "tianyuan",
      "properties": {
        "id": "tianyuan",
        "name": "天园",
        "fullName": "天园街道",
        "district": "天河区",
        "city": "广州市"
      },
      "geometry": {
        "type": "MultiPolygon",
        "coordinates": [
          [
            [
              [
                113.346118,
                23.13555
              ],
              [
                113.346251,
                23.133953
              ],
              [
                113.34639,
                23.132275
              ],
              [
                113.346792,
                23.127439
              ],
              [
                113.357485,
                23.125449
              ],
              [
                113.380668,
                23.119251
              ],
              [
                113.382499,
                23.118338
              ],
              [
                113.384569,
                23.117813
              ],
              [
                113.387015,
                23.126843
              ],
              [
                113.384818,
                23.127036
              ],
              [
                113.375725,
                23.127837
              ],
              [
                113.374441,
                23.128029
              ],
              [
                113.372979,
                23.128372
              ],
              [
                113.371304,
                23.129145
              ],
              [
                113.364899,
                23.132473
              ],
              [
                113.362245,
                23.134005
              ],
              [
                113.358522,
                23.135592
              ],
              [
                113.356782,
                23.13612
              ],
              [
                113.355272,
                23.136438
              ],
              [
                113.351472,
                23.136901
              ],
              [
                113.347982,
                23.137326
              ],
              [
                113.346568,
                23.136346
              ],
              [
                113.346118,
                23.13555
              ]
            ]
          ]
        ]
      }
    },
    {
      "type": "Feature",
      "id": "yuangang",
      "properties": {
        "id": "yuangang",
        "name": "元岗",
        "fullName": "元岗街道",
        "district": "天河区",
        "city": "广州市"
      },
      "geometry": {
        "type": "MultiPolygon",
        "coordinates": [
          [
            [
              [
                113.303673,
                23.171667
              ],
              [
                113.304041,
                23.171336
              ],
              [
                113.305028,
                23.171923
              ],
              [
                113.306259,
                23.171617
              ],
              [
                113.308232,
                23.171556
              ],
              [
                113.310337,
                23.169491
              ],
              [
                113.311111,
                23.169483
              ],
              [
                113.311993,
                23.169077
              ],
              [
                113.311868,
                23.167609
              ],
              [
                113.313316,
                23.167884
              ],
              [
                113.317643,
                23.167716
              ],
              [
                113.319765,
                23.168307
              ],
              [
                113.320031,
                23.168381
              ],
              [
                113.320151,
                23.167879
              ],
              [
                113.323251,
                23.169567
              ],
              [
                113.327088,
                23.171755
              ],
              [
                113.332892,
                23.173197
              ],
              [
                113.332971,
                23.172042
              ],
              [
                113.333291,
                23.171353
              ],
              [
                113.333936,
                23.172229
              ],
              [
                113.334993,
                23.172421
              ],
              [
                113.337181,
                23.171923
              ],
              [
                113.338263,
                23.172237
              ],
              [
                113.339145,
                23.172765
              ],
              [
                113.340285,
                23.173928
              ],
              [
                113.340976,
                23.175021
              ],
              [
                113.341217,
                23.177095
              ],
              [
                113.343405,
                23.180269
              ],
              [
                113.347092,
                23.183566
              ],
              [
                113.350705,
                23.184822
              ],
              [
                113.348928,
                23.18601
              ],
              [
                113.347881,
                23.187309
              ],
              [
                113.348563,
                23.188989
              ],
              [
                113.350008,
                23.188858
              ],
              [
                113.350261,
                23.188408
              ],
              [
                113.350359,
                23.188266
              ],
              [
                113.351,
                23.188417
              ],
              [
                113.351148,
                23.190516
              ],
              [
                113.351109,
                23.190833
              ],
              [
                113.349813,
                23.191386
              ],
              [
                113.348783,
                23.192292
              ],
              [
                113.34861,
                23.192709
              ],
              [
                113.346097,
                23.194756
              ],
              [
                113.34559,
                23.195236
              ],
              [
                113.345619,
                23.196178
              ],
              [
                113.345659,
                23.196731
              ],
              [
                113.345186,
                23.197401
              ],
              [
                113.344831,
                23.198402
              ],
              [
                113.344116,
                23.198543
              ],
              [
                113.343481,
                23.199204
              ],
              [
                113.3428,
                23.198975
              ],
              [
                113.342318,
                23.197283
              ],
              [
                113.341775,
                23.196966
              ],
              [
                113.340839,
                23.197166
              ],
              [
                113.340465,
                23.196966
              ],
              [
                113.340041,
                23.195852
              ],
              [
                113.339223,
                23.194656
              ],
              [
                113.338218,
                23.190788
              ],
              [
                113.337124,
                23.190924
              ],
              [
                113.337468,
                23.18981
              ],
              [
                113.337252,
                23.189239
              ],
              [
                113.336572,
                23.188478
              ],
              [
                113.335434,
                23.188582
              ],
              [
                113.334975,
                23.187952
              ],
              [
                113.334719,
                23.187989
              ],
              [
                113.334403,
                23.187653
              ],
              [
                113.333891,
                23.187436
              ],
              [
                113.333773,
                23.186901
              ],
              [
                113.333369,
                23.186711
              ],
              [
                113.333024,
                23.18595
              ],
              [
                113.332905,
                23.185071
              ],
              [
                113.332077,
                23.184564
              ],
              [
                113.332077,
                23.183631
              ],
              [
                113.332432,
                23.183576
              ],
              [
                113.332472,
                23.183395
              ],
              [
                113.333043,
                23.18335
              ],
              [
                113.331624,
                23.180704
              ],
              [
                113.330875,
                23.18133
              ],
              [
                113.330491,
                23.181248
              ],
              [
                113.330136,
                23.18094
              ],
              [
                113.329466,
                23.181058
              ],
              [
                113.328983,
                23.180931
              ],
              [
                113.329121,
                23.179925
              ],
              [
                113.329032,
                23.179418
              ],
              [
                113.32851,
                23.17901
              ],
              [
                113.328341,
                23.177769
              ],
              [
                113.328375,
                23.177556
              ],
              [
                113.328429,
                23.177305
              ],
              [
                113.328491,
                23.177108
              ],
              [
                113.32847,
                23.176808
              ],
              [
                113.328364,
                23.176509
              ],
              [
                113.328273,
                23.176235
              ],
              [
                113.327504,
                23.175869
              ],
              [
                113.326386,
                23.175986
              ],
              [
                113.326138,
                23.176079
              ],
              [
                113.325905,
                23.1762
              ],
              [
                113.325749,
                23.175991
              ],
              [
                113.32551,
                23.175742
              ],
              [
                113.325017,
                23.175283
              ],
              [
                113.324389,
                23.175922
              ],
              [
                113.324098,
                23.176353
              ],
              [
                113.323547,
                23.175979
              ],
              [
                113.323401,
                23.175984
              ],
              [
                113.323026,
                23.176243
              ],
              [
                113.322782,
                23.176545
              ],
              [
                113.322647,
                23.176755
              ],
              [
                113.322658,
                23.176897
              ],
              [
                113.322473,
                23.177296
              ],
              [
                113.321861,
                23.178101
              ],
              [
                113.321518,
                23.178074
              ],
              [
                113.320673,
                23.178076
              ],
              [
                113.320358,
                23.178042
              ],
              [
                113.319542,
                23.17797
              ],
              [
                113.318328,
                23.176244
              ],
              [
                113.317337,
                23.176503
              ],
              [
                113.316217,
                23.176626
              ],
              [
                113.316229,
                23.177051
              ],
              [
                113.316255,
                23.177459
              ],
              [
                113.316259,
                23.177794
              ],
              [
                113.316297,
                23.178255
              ],
              [
                113.316021,
                23.178284
              ],
              [
                113.314991,
                23.178358
              ],
              [
                113.315031,
                23.178702
              ],
              [
                113.315042,
                23.179014
              ],
              [
                113.314796,
                23.179018
              ],
              [
                113.314154,
                23.179259
              ],
              [
                113.31382,
                23.179665
              ],
              [
                113.313624,
                23.179736
              ],
              [
                113.312535,
                23.180195
              ],
              [
                113.312311,
                23.180066
              ],
              [
                113.312371,
                23.179657
              ],
              [
                113.312925,
                23.179272
              ],
              [
                113.312945,
                23.178683
              ],
              [
                113.312951,
                23.178353
              ],
              [
                113.312334,
                23.178014
              ],
              [
                113.311192,
                23.177366
              ],
              [
                113.31137,
                23.177062
              ],
              [
                113.311301,
                23.176002
              ],
              [
                113.311055,
                23.175604
              ],
              [
                113.311028,
                23.174866
              ],
              [
                113.309784,
                23.17419
              ],
              [
                113.308493,
                23.172931
              ],
              [
                113.307103,
                23.173184
              ],
              [
                113.305871,
                23.172487
              ],
              [
                113.304994,
                23.172885
              ],
              [
                113.303673,
                23.171667
              ]
            ]
          ]
        ]
      }
    },
    {
      "type": "Feature",
      "id": "changxing",
      "properties": {
        "id": "changxing",
        "name": "长兴",
        "fullName": "长兴街道",
        "district": "天河区",
        "city": "广州市"
      },
      "geometry": {
        "type": "MultiPolygon",
        "coordinates": [
          [
            [
              [
                113.337181,
                23.171923
              ],
              [
                113.337963,
                23.170409
              ],
              [
                113.339603,
                23.169667
              ],
              [
                113.340085,
                23.1692
              ],
              [
                113.340105,
                23.168117
              ],
              [
                113.340251,
                23.167873
              ],
              [
                113.341191,
                23.168526
              ],
              [
                113.341829,
                23.168683
              ],
              [
                113.342005,
                23.168726
              ],
              [
                113.342212,
                23.168766
              ],
              [
                113.34263,
                23.168684
              ],
              [
                113.342846,
                23.168589
              ],
              [
                113.343364,
                23.168662
              ],
              [
                113.34383,
                23.168825
              ],
              [
                113.344174,
                23.1691
              ],
              [
                113.344604,
                23.168955
              ],
              [
                113.348348,
                23.167364
              ],
              [
                113.350479,
                23.166851
              ],
              [
                113.356761,
                23.166124
              ],
              [
                113.358592,
                23.165597
              ],
              [
                113.358925,
                23.168435
              ],
              [
                113.361795,
                23.168909
              ],
              [
                113.363052,
                23.169154
              ],
              [
                113.363252,
                23.169085
              ],
              [
                113.363601,
                23.169284
              ],
              [
                113.365473,
                23.167287
              ],
              [
                113.365149,
                23.166736
              ],
              [
                113.366147,
                23.166522
              ],
              [
                113.368328,
                23.164564
              ],
              [
                113.36767,
                23.163133
              ],
              [
                113.368747,
                23.162342
              ],
              [
                113.367383,
                23.160862
              ],
              [
                113.367196,
                23.160639
              ],
              [
                113.371431,
                23.157166
              ],
              [
                113.372488,
                23.156959
              ],
              [
                113.37273,
                23.156745
              ],
              [
                113.375301,
                23.156248
              ],
              [
                113.376208,
                23.155735
              ],
              [
                113.376591,
                23.15572
              ],
              [
                113.378205,
                23.154258
              ],
              [
                113.379828,
                23.154044
              ],
              [
                113.381001,
                23.154044
              ],
              [
                113.381317,
                23.154465
              ],
              [
                113.381974,
                23.155628
              ],
              [
                113.382515,
                23.155605
              ],
              [
                113.382818,
                23.155542
              ],
              [
                113.383217,
                23.156022
              ],
              [
                113.383456,
                23.156269
              ],
              [
                113.38317,
                23.156512
              ],
              [
                113.38315,
                23.157019
              ],
              [
                113.382854,
                23.157164
              ],
              [
                113.382835,
                23.157545
              ],
              [
                113.384175,
                23.157092
              ],
              [
                113.385003,
                23.157237
              ],
              [
                113.385023,
                23.157694
              ],
              [
                113.385185,
                23.157758
              ],
              [
                113.385229,
                23.15764
              ],
              [
                113.385619,
                23.157513
              ],
              [
                113.385934,
                23.157586
              ],
              [
                113.386146,
                23.157889
              ],
              [
                113.386195,
                23.159729
              ],
              [
                113.387876,
                23.162139
              ],
              [
                113.389083,
                23.162037
              ],
              [
                113.389344,
                23.162628
              ],
              [
                113.389556,
                23.163371
              ],
              [
                113.389453,
                23.163756
              ],
              [
                113.388935,
                23.164001
              ],
              [
                113.38896,
                23.16512
              ],
              [
                113.38995,
                23.165324
              ],
              [
                113.390759,
                23.16594
              ],
              [
                113.390655,
                23.167
              ],
              [
                113.390414,
                23.16734
              ],
              [
                113.3899,
                23.16761
              ],
              [
                113.389773,
                23.167734
              ],
              [
                113.390266,
                23.168301
              ],
              [
                113.390359,
                23.169959
              ],
              [
                113.389975,
                23.171812
              ],
              [
                113.389045,
                23.172047
              ],
              [
                113.388705,
                23.172099
              ],
              [
                113.387914,
                23.172126
              ],
              [
                113.387492,
                23.172241
              ],
              [
                113.387336,
                23.172191
              ],
              [
                113.387278,
                23.17206
              ],
              [
                113.386953,
                23.171782
              ],
              [
                113.386762,
                23.17181
              ],
              [
                113.38632,
                23.171594
              ],
              [
                113.3857,
                23.171584
              ],
              [
                113.38563,
                23.171695
              ],
              [
                113.385615,
                23.171788
              ],
              [
                113.385276,
                23.171817
              ],
              [
                113.385258,
                23.172164
              ],
              [
                113.384781,
                23.172318
              ],
              [
                113.38459,
                23.172492
              ],
              [
                113.384499,
                23.173085
              ],
              [
                113.384963,
                23.173259
              ],
              [
                113.385413,
                23.173195
              ],
              [
                113.386542,
                23.173617
              ],
              [
                113.387279,
                23.172387
              ],
              [
                113.387573,
                23.172302
              ],
              [
                113.387908,
                23.172189
              ],
              [
                113.38853,
                23.172179
              ],
              [
                113.388654,
                23.172168
              ],
              [
                113.388561,
                23.175866
              ],
              [
                113.390152,
                23.175898
              ],
              [
                113.390123,
                23.176895
              ],
              [
                113.389591,
                23.177742
              ],
              [
                113.388856,
                23.178448
              ],
              [
                113.388561,
                23.178539
              ],
              [
                113.388162,
                23.179015
              ],
              [
                113.387718,
                23.178861
              ],
              [
                113.387547,
                23.178883
              ],
              [
                113.38725,
                23.178922
              ],
              [
                113.387058,
                23.178947
              ],
              [
                113.386698,
                23.179463
              ],
              [
                113.386328,
                23.179404
              ],
              [
                113.385964,
                23.179513
              ],
              [
                113.385974,
                23.179885
              ],
              [
                113.385407,
                23.180265
              ],
              [
                113.384687,
                23.181234
              ],
              [
                113.384643,
                23.183024
              ],
              [
                113.385037,
                23.183486
              ],
              [
                113.385126,
                23.183948
              ],
              [
                113.385313,
                23.184324
              ],
              [
                113.385313,
                23.184935
              ],
              [
                113.385333,
                23.185352
              ],
              [
                113.385003,
                23.185597
              ],
              [
                113.384653,
                23.185923
              ],
              [
                113.383534,
                23.186177
              ],
              [
                113.382938,
                23.186616
              ],
              [
                113.382312,
                23.186584
              ],
              [
                113.381588,
                23.186358
              ],
              [
                113.379671,
                23.185434
              ],
              [
                113.379168,
                23.185696
              ],
              [
                113.377986,
                23.185153
              ],
              [
                113.376951,
                23.185289
              ],
              [
                113.375867,
                23.185343
              ],
              [
                113.375433,
                23.184972
              ],
              [
                113.374723,
                23.185044
              ],
              [
                113.373619,
                23.185733
              ],
              [
                113.373304,
                23.186149
              ],
              [
                113.372939,
                23.18663
              ],
              [
                113.37223,
                23.187119
              ],
              [
                113.371579,
                23.187409
              ],
              [
                113.371017,
                23.186793
              ],
              [
                113.370426,
                23.186983
              ],
              [
                113.37018,
                23.18817
              ],
              [
                113.369017,
                23.188442
              ],
              [
                113.368741,
                23.188876
              ],
              [
                113.367972,
                23.188813
              ],
              [
                113.366602,
                23.189918
              ],
              [
                113.365794,
                23.191676
              ],
              [
                113.365439,
                23.191522
              ],
              [
                113.365212,
                23.190942
              ],
              [
                113.363714,
                23.191567
              ],
              [
                113.36263,
                23.191458
              ],
              [
                113.361517,
                23.19135
              ],
              [
                113.360649,
                23.190906
              ],
              [
                113.359496,
                23.191522
              ],
              [
                113.357559,
                23.188414
              ],
              [
                113.356056,
                23.187228
              ],
              [
                113.354874,
                23.186453
              ],
              [
                113.353489,
                23.185787
              ],
              [
                113.350705,
                23.184822
              ],
              [
                113.347092,
                23.183566
              ],
              [
                113.343405,
                23.180269
              ],
              [
                113.341217,
                23.177095
              ],
              [
                113.340976,
                23.175021
              ],
              [
                113.340285,
                23.173928
              ],
              [
                113.339145,
                23.172765
              ],
              [
                113.338263,
                23.172237
              ],
              [
                113.337181,
                23.171923
              ]
            ]
          ]
        ]
      }
    },
    {
      "type": "Feature",
      "id": "longdong",
      "properties": {
        "id": "longdong",
        "name": "龙洞",
        "fullName": "龙洞街道",
        "district": "天河区",
        "city": "广州市"
      },
      "geometry": {
        "type": "MultiPolygon",
        "coordinates": [
          [
            [
              [
                113.342771,
                23.202574
              ],
              [
                113.343323,
                23.202103
              ],
              [
                113.343136,
                23.200182
              ],
              [
                113.343481,
                23.199204
              ],
              [
                113.344116,
                23.198543
              ],
              [
                113.344831,
                23.198402
              ],
              [
                113.345186,
                23.197401
              ],
              [
                113.345659,
                23.196731
              ],
              [
                113.345619,
                23.196178
              ],
              [
                113.34559,
                23.195236
              ],
              [
                113.346097,
                23.194756
              ],
              [
                113.34861,
                23.192709
              ],
              [
                113.348783,
                23.192292
              ],
              [
                113.349813,
                23.191386
              ],
              [
                113.351109,
                23.190833
              ],
              [
                113.351148,
                23.190516
              ],
              [
                113.351,
                23.188417
              ],
              [
                113.350359,
                23.188266
              ],
              [
                113.350261,
                23.188408
              ],
              [
                113.350008,
                23.188858
              ],
              [
                113.348563,
                23.188989
              ],
              [
                113.347881,
                23.187309
              ],
              [
                113.348928,
                23.18601
              ],
              [
                113.350705,
                23.184822
              ],
              [
                113.353489,
                23.185787
              ],
              [
                113.354874,
                23.186453
              ],
              [
                113.356056,
                23.187228
              ],
              [
                113.357559,
                23.188414
              ],
              [
                113.359496,
                23.191522
              ],
              [
                113.360649,
                23.190906
              ],
              [
                113.361517,
                23.19135
              ],
              [
                113.36263,
                23.191458
              ],
              [
                113.363714,
                23.191567
              ],
              [
                113.365212,
                23.190942
              ],
              [
                113.365439,
                23.191522
              ],
              [
                113.365794,
                23.191676
              ],
              [
                113.366602,
                23.189918
              ],
              [
                113.367972,
                23.188813
              ],
              [
                113.368741,
                23.188876
              ],
              [
                113.369017,
                23.188442
              ],
              [
                113.37018,
                23.18817
              ],
              [
                113.370426,
                23.186983
              ],
              [
                113.371017,
                23.186793
              ],
              [
                113.371579,
                23.187409
              ],
              [
                113.37223,
                23.187119
              ],
              [
                113.372939,
                23.18663
              ],
              [
                113.373304,
                23.186149
              ],
              [
                113.373619,
                23.185733
              ],
              [
                113.374723,
                23.185044
              ],
              [
                113.375433,
                23.184972
              ],
              [
                113.375867,
                23.185343
              ],
              [
                113.376951,
                23.185289
              ],
              [
                113.377986,
                23.185153
              ],
              [
                113.379168,
                23.185696
              ],
              [
                113.379671,
                23.185434
              ],
              [
                113.381588,
                23.186358
              ],
              [
                113.380454,
                23.188885
              ],
              [
                113.380612,
                23.189447
              ],
              [
                113.380445,
                23.190584
              ],
              [
                113.380464,
                23.19096
              ],
              [
                113.379922,
                23.191531
              ],
              [
                113.379883,
                23.191979
              ],
              [
                113.38008,
                23.192197
              ],
              [
                113.379198,
                23.192514
              ],
              [
                113.3797,
                23.193315
              ],
              [
                113.379395,
                23.194344
              ],
              [
                113.379405,
                23.195
              ],
              [
                113.37907,
                23.195268
              ],
              [
                113.378188,
                23.196441
              ],
              [
                113.378345,
                23.197193
              ],
              [
                113.377803,
                23.197492
              ],
              [
                113.377655,
                23.197718
              ],
              [
                113.377705,
                23.198126
              ],
              [
                113.376892,
                23.199485
              ],
              [
                113.376744,
                23.200318
              ],
              [
                113.376877,
                23.200622
              ],
              [
                113.377641,
                23.20145
              ],
              [
                113.377108,
                23.202619
              ],
              [
                113.377389,
                23.203086
              ],
              [
                113.376808,
                23.20352
              ],
              [
                113.376478,
                23.203815
              ],
              [
                113.376588,
                23.204628
              ],
              [
                113.376611,
                23.204793
              ],
              [
                113.37903,
                23.204702
              ],
              [
                113.379001,
                23.205948
              ],
              [
                113.378419,
                23.205948
              ],
              [
                113.378435,
                23.207607
              ],
              [
                113.378444,
                23.208566
              ],
              [
                113.376487,
                23.208665
              ],
              [
                113.376221,
                23.211623
              ],
              [
                113.372437,
                23.21131
              ],
              [
                113.372314,
                23.212574
              ],
              [
                113.371624,
                23.212556
              ],
              [
                113.371584,
                23.213385
              ],
              [
                113.371062,
                23.212964
              ],
              [
                113.370604,
                23.213294
              ],
              [
                113.370347,
                23.212954
              ],
              [
                113.369914,
                23.213013
              ],
              [
                113.369406,
                23.212026
              ],
              [
                113.368844,
                23.212198
              ],
              [
                113.367524,
                23.213308
              ],
              [
                113.365947,
                23.212896
              ],
              [
                113.365868,
                23.212665
              ],
              [
                113.366144,
                23.212339
              ],
              [
                113.366228,
                23.210898
              ],
              [
                113.365602,
                23.210124
              ],
              [
                113.366159,
                23.208602
              ],
              [
                113.364449,
                23.208511
              ],
              [
                113.365272,
                23.210174
              ],
              [
                113.365217,
                23.210645
              ],
              [
                113.364764,
                23.211501
              ],
              [
                113.363951,
                23.211935
              ],
              [
                113.361546,
                23.211528
              ],
              [
                113.360531,
                23.211487
              ],
              [
                113.359462,
                23.211646
              ],
              [
                113.358649,
                23.212406
              ],
              [
                113.358402,
                23.213181
              ],
              [
                113.357959,
                23.214485
              ],
              [
                113.35755,
                23.214721
              ],
              [
                113.357136,
                23.215554
              ],
              [
                113.356874,
                23.215627
              ],
              [
                113.356712,
                23.216424
              ],
              [
                113.355692,
                23.218231
              ],
              [
                113.356599,
                23.218933
              ],
              [
                113.356722,
                23.21958
              ],
              [
                113.356362,
                23.219644
              ],
              [
                113.355997,
                23.220359
              ],
              [
                113.356554,
                23.220663
              ],
              [
                113.356781,
                23.220413
              ],
              [
                113.356988,
                23.220717
              ],
              [
                113.356939,
                23.221156
              ],
              [
                113.356495,
                23.221641
              ],
              [
                113.355751,
                23.222528
              ],
              [
                113.35579,
                23.222845
              ],
              [
                113.356599,
                23.223719
              ],
              [
                113.356702,
                23.224213
              ],
              [
                113.357826,
                23.225037
              ],
              [
                113.358244,
                23.224625
              ],
              [
                113.358757,
                23.224974
              ],
              [
                113.358767,
                23.225725
              ],
              [
                113.359191,
                23.225784
              ],
              [
                113.359772,
                23.226391
              ],
              [
                113.360418,
                23.227369
              ],
              [
                113.360876,
                23.228927
              ],
              [
                113.360896,
                23.229819
              ],
              [
                113.360768,
                23.230748
              ],
              [
                113.360728,
                23.231938
              ],
              [
                113.360117,
                23.231268
              ],
              [
                113.358786,
                23.231314
              ],
              [
                113.358432,
                23.231105
              ],
              [
                113.357043,
                23.231483
              ],
              [
                113.35581,
                23.231712
              ],
              [
                113.355386,
                23.232183
              ],
              [
                113.354144,
                23.232654
              ],
              [
                113.353878,
                23.232165
              ],
              [
                113.3533,
                23.231768
              ],
              [
                113.352843,
                23.230154
              ],
              [
                113.35243,
                23.229828
              ],
              [
                113.351336,
                23.229964
              ],
              [
                113.350173,
                23.229819
              ],
              [
                113.349345,
                23.229398
              ],
              [
                113.348367,
                23.228415
              ],
              [
                113.34793,
                23.22741
              ],
              [
                113.347051,
                23.226653
              ],
              [
                113.34692,
                23.226314
              ],
              [
                113.345984,
                23.226196
              ],
              [
                113.346457,
                23.225273
              ],
              [
                113.345502,
                23.223052
              ],
              [
                113.344949,
                23.222374
              ],
              [
                113.344976,
                23.22187
              ],
              [
                113.344988,
                23.22165
              ],
              [
                113.344574,
                23.2203
              ],
              [
                113.344574,
                23.219277
              ],
              [
                113.345038,
                23.218616
              ],
              [
                113.34485,
                23.217601
              ],
              [
                113.345383,
                23.216922
              ],
              [
                113.345245,
                23.213444
              ],
              [
                113.345836,
                23.212855
              ],
              [
                113.344506,
                23.21079
              ],
              [
                113.344712,
                23.209324
              ],
              [
                113.344949,
                23.207918
              ],
              [
                113.345008,
                23.206605
              ],
              [
                113.344732,
                23.205373
              ],
              [
                113.343914,
                23.203842
              ],
              [
                113.343382,
                23.203443
              ],
              [
                113.342771,
                23.202574
              ]
            ]
          ]
        ]
      }
    },
    {
      "type": "Feature",
      "id": "fenghuang",
      "properties": {
        "id": "fenghuang",
        "name": "凤凰",
        "fullName": "凤凰街道",
        "district": "天河区",
        "city": "广州市"
      },
      "geometry": {
        "type": "MultiPolygon",
        "coordinates": [
          [
            [
              [
                113.355692,
                23.218231
              ],
              [
                113.356712,
                23.216424
              ],
              [
                113.356874,
                23.215627
              ],
              [
                113.357136,
                23.215554
              ],
              [
                113.35755,
                23.214721
              ],
              [
                113.357959,
                23.214485
              ],
              [
                113.358402,
                23.213181
              ],
              [
                113.358649,
                23.212406
              ],
              [
                113.359462,
                23.211646
              ],
              [
                113.360531,
                23.211487
              ],
              [
                113.361546,
                23.211528
              ],
              [
                113.363951,
                23.211935
              ],
              [
                113.364764,
                23.211501
              ],
              [
                113.365217,
                23.210645
              ],
              [
                113.365272,
                23.210174
              ],
              [
                113.364449,
                23.208511
              ],
              [
                113.366159,
                23.208602
              ],
              [
                113.365602,
                23.210124
              ],
              [
                113.366228,
                23.210898
              ],
              [
                113.366144,
                23.212339
              ],
              [
                113.365868,
                23.212665
              ],
              [
                113.365947,
                23.212896
              ],
              [
                113.367524,
                23.213308
              ],
              [
                113.368844,
                23.212198
              ],
              [
                113.369406,
                23.212026
              ],
              [
                113.369914,
                23.213013
              ],
              [
                113.370347,
                23.212954
              ],
              [
                113.370604,
                23.213294
              ],
              [
                113.371062,
                23.212964
              ],
              [
                113.371584,
                23.213385
              ],
              [
                113.371624,
                23.212556
              ],
              [
                113.372314,
                23.212574
              ],
              [
                113.372437,
                23.21131
              ],
              [
                113.376221,
                23.211623
              ],
              [
                113.376487,
                23.208665
              ],
              [
                113.378444,
                23.208566
              ],
              [
                113.378435,
                23.207607
              ],
              [
                113.378419,
                23.205948
              ],
              [
                113.379001,
                23.205948
              ],
              [
                113.37903,
                23.204702
              ],
              [
                113.376611,
                23.204793
              ],
              [
                113.376588,
                23.204628
              ],
              [
                113.376478,
                23.203815
              ],
              [
                113.376808,
                23.20352
              ],
              [
                113.377389,
                23.203086
              ],
              [
                113.377108,
                23.202619
              ],
              [
                113.377641,
                23.20145
              ],
              [
                113.376877,
                23.200622
              ],
              [
                113.376744,
                23.200318
              ],
              [
                113.376892,
                23.199485
              ],
              [
                113.377705,
                23.198126
              ],
              [
                113.377655,
                23.197718
              ],
              [
                113.377803,
                23.197492
              ],
              [
                113.378345,
                23.197193
              ],
              [
                113.378188,
                23.196441
              ],
              [
                113.37907,
                23.195268
              ],
              [
                113.379405,
                23.195
              ],
              [
                113.379395,
                23.194344
              ],
              [
                113.3797,
                23.193315
              ],
              [
                113.379198,
                23.192514
              ],
              [
                113.38008,
                23.192197
              ],
              [
                113.379883,
                23.191979
              ],
              [
                113.379922,
                23.191531
              ],
              [
                113.380464,
                23.19096
              ],
              [
                113.380445,
                23.190584
              ],
              [
                113.380612,
                23.189447
              ],
              [
                113.380454,
                23.188885
              ],
              [
                113.381588,
                23.186358
              ],
              [
                113.382312,
                23.186584
              ],
              [
                113.382938,
                23.186616
              ],
              [
                113.383534,
                23.186177
              ],
              [
                113.384653,
                23.185923
              ],
              [
                113.385003,
                23.185597
              ],
              [
                113.385333,
                23.185352
              ],
              [
                113.385313,
                23.184935
              ],
              [
                113.385313,
                23.184324
              ],
              [
                113.386977,
                23.183676
              ],
              [
                113.387835,
                23.183649
              ],
              [
                113.388032,
                23.184102
              ],
              [
                113.389245,
                23.184302
              ],
              [
                113.389551,
                23.184655
              ],
              [
                113.389334,
                23.184954
              ],
              [
                113.390024,
                23.185643
              ],
              [
                113.390813,
                23.18538
              ],
              [
                113.391347,
                23.186541
              ],
              [
                113.391878,
                23.186433
              ],
              [
                113.392725,
                23.186504
              ],
              [
                113.393849,
                23.18695
              ],
              [
                113.394696,
                23.186316
              ],
              [
                113.394987,
                23.186236
              ],
              [
                113.39536,
                23.185823
              ],
              [
                113.395728,
                23.185804
              ],
              [
                113.395835,
                23.185542
              ],
              [
                113.395891,
                23.184993
              ],
              [
                113.396151,
                23.18441
              ],
              [
                113.396315,
                23.18335
              ],
              [
                113.396688,
                23.182909
              ],
              [
                113.397352,
                23.183065
              ],
              [
                113.397391,
                23.182926
              ],
              [
                113.397147,
                23.182758
              ],
              [
                113.397607,
                23.182073
              ],
              [
                113.397888,
                23.181918
              ],
              [
                113.397862,
                23.181275
              ],
              [
                113.398276,
                23.180149
              ],
              [
                113.398296,
                23.179754
              ],
              [
                113.398613,
                23.179393
              ],
              [
                113.400466,
                23.179351
              ],
              [
                113.400395,
                23.178797
              ],
              [
                113.400594,
                23.178318
              ],
              [
                113.400895,
                23.178116
              ],
              [
                113.401852,
                23.177567
              ],
              [
                113.402023,
                23.177548
              ],
              [
                113.402738,
                23.177468
              ],
              [
                113.403198,
                23.178872
              ],
              [
                113.405383,
                23.180824
              ],
              [
                113.407466,
                23.180871
              ],
              [
                113.407844,
                23.181707
              ],
              [
                113.407803,
                23.182265
              ],
              [
                113.407538,
                23.182298
              ],
              [
                113.407563,
                23.182805
              ],
              [
                113.408431,
                23.183129
              ],
              [
                113.409253,
                23.183049
              ],
              [
                113.409539,
                23.183322
              ],
              [
                113.40907,
                23.18404
              ],
              [
                113.409846,
                23.184396
              ],
              [
                113.409744,
                23.185222
              ],
              [
                113.410775,
                23.187522
              ],
              [
                113.411398,
                23.187982
              ],
              [
                113.411975,
                23.187813
              ],
              [
                113.412848,
                23.188179
              ],
              [
                113.413841,
                23.188242
              ],
              [
                113.413447,
                23.189094
              ],
              [
                113.413985,
                23.189995
              ],
              [
                113.415359,
                23.191322
              ],
              [
                113.414945,
                23.192491
              ],
              [
                113.414935,
                23.192899
              ],
              [
                113.415508,
                23.193228
              ],
              [
                113.415851,
                23.193279
              ],
              [
                113.417044,
                23.192364
              ],
              [
                113.416738,
                23.193424
              ],
              [
                113.416324,
                23.193759
              ],
              [
                113.416531,
                23.194004
              ],
              [
                113.418256,
                23.193995
              ],
              [
                113.418424,
                23.194493
              ],
              [
                113.418158,
                23.195327
              ],
              [
                113.416512,
                23.196649
              ],
              [
                113.416039,
                23.197301
              ],
              [
                113.415635,
                23.197356
              ],
              [
                113.414797,
                23.197945
              ],
              [
                113.414659,
                23.198506
              ],
              [
                113.414117,
                23.199023
              ],
              [
                113.41319,
                23.199313
              ],
              [
                113.412096,
                23.199159
              ],
              [
                113.411249,
                23.199725
              ],
              [
                113.410539,
                23.200653
              ],
              [
                113.410165,
                23.201412
              ],
              [
                113.409573,
                23.201895
              ],
              [
                113.409132,
                23.202162
              ],
              [
                113.40861,
                23.20215
              ],
              [
                113.407757,
                23.202612
              ],
              [
                113.407624,
                23.202821
              ],
              [
                113.406841,
                23.203138
              ],
              [
                113.405986,
                23.204236
              ],
              [
                113.405091,
                23.20473
              ],
              [
                113.404976,
                23.205294
              ],
              [
                113.404291,
                23.205423
              ],
              [
                113.403394,
                23.205712
              ],
              [
                113.402516,
                23.206722
              ],
              [
                113.402502,
                23.207348
              ],
              [
                113.402142,
                23.208104
              ],
              [
                113.401915,
                23.208117
              ],
              [
                113.401856,
                23.208874
              ],
              [
                113.402009,
                23.209213
              ],
              [
                113.401945,
                23.209816
              ],
              [
                113.401881,
                23.210314
              ],
              [
                113.401427,
                23.210599
              ],
              [
                113.401058,
                23.210835
              ],
              [
                113.399609,
                23.210848
              ],
              [
                113.399124,
                23.211519
              ],
              [
                113.398963,
                23.211741
              ],
              [
                113.398835,
                23.212221
              ],
              [
                113.398283,
                23.212452
              ],
              [
                113.397791,
                23.213059
              ],
              [
                113.397194,
                23.212814
              ],
              [
                113.396692,
                23.213054
              ],
              [
                113.396357,
                23.213
              ],
              [
                113.396302,
                23.213502
              ],
              [
                113.396201,
                23.214306
              ],
              [
                113.395494,
                23.214992
              ],
              [
                113.39473,
                23.215291
              ],
              [
                113.394193,
                23.215314
              ],
              [
                113.39303,
                23.215921
              ],
              [
                113.392482,
                23.216719
              ],
              [
                113.392966,
                23.217157
              ],
              [
                113.393607,
                23.217411
              ],
              [
                113.39405,
                23.217855
              ],
              [
                113.39409,
                23.218181
              ],
              [
                113.394346,
                23.218987
              ],
              [
                113.395006,
                23.219358
              ],
              [
                113.395135,
                23.219739
              ],
              [
                113.395519,
                23.220998
              ],
              [
                113.395056,
                23.221287
              ],
              [
                113.395051,
                23.221663
              ],
              [
                113.394948,
                23.223362
              ],
              [
                113.396317,
                23.223833
              ],
              [
                113.396317,
                23.224023
              ],
              [
                113.396169,
                23.224756
              ],
              [
                113.396366,
                23.225245
              ],
              [
                113.396278,
                23.225608
              ],
              [
                113.396347,
                23.225952
              ],
              [
                113.39611,
                23.226568
              ],
              [
                113.396268,
                23.228379
              ],
              [
                113.396603,
                23.228714
              ],
              [
                113.396583,
                23.229439
              ],
              [
                113.396879,
                23.22991
              ],
              [
                113.396771,
                23.230372
              ],
              [
                113.397697,
                23.231232
              ],
              [
                113.398062,
                23.231286
              ],
              [
                113.398387,
                23.23077
              ],
              [
                113.398899,
                23.231178
              ],
              [
                113.399195,
                23.231766
              ],
              [
                113.399353,
                23.23298
              ],
              [
                113.400196,
                23.233984
              ],
              [
                113.400082,
                23.234637
              ],
              [
                113.400358,
                23.2348
              ],
              [
                113.400457,
                23.235905
              ],
              [
                113.399905,
                23.236322
              ],
              [
                113.399974,
                23.237218
              ],
              [
                113.400279,
                23.237553
              ],
              [
                113.400338,
                23.238224
              ],
              [
                113.399432,
                23.238858
              ],
              [
                113.39954,
                23.239301
              ],
              [
                113.399264,
                23.239763
              ],
              [
                113.399106,
                23.240134
              ],
              [
                113.399501,
                23.240524
              ],
              [
                113.399422,
                23.240913
              ],
              [
                113.399619,
                23.241439
              ],
              [
                113.399422,
                23.241891
              ],
              [
                113.399491,
                23.242417
              ],
              [
                113.399313,
                23.243023
              ],
              [
                113.399432,
                23.243856
              ],
              [
                113.398269,
                23.245233
              ],
              [
                113.397362,
                23.245541
              ],
              [
                113.397185,
                23.247116
              ],
              [
                113.396534,
                23.24795
              ],
              [
                113.395312,
                23.248475
              ],
              [
                113.394661,
                23.248004
              ],
              [
                113.392513,
                23.247968
              ],
              [
                113.391482,
                23.247486
              ],
              [
                113.39132,
                23.246609
              ],
              [
                113.390749,
                23.246238
              ],
              [
                113.390581,
                23.245722
              ],
              [
                113.390049,
                23.245378
              ],
              [
                113.389635,
                23.245631
              ],
              [
                113.388994,
                23.245649
              ],
              [
                113.387979,
                23.245432
              ],
              [
                113.387467,
                23.24488
              ],
              [
                113.386747,
                23.244599
              ],
              [
                113.386461,
                23.244128
              ],
              [
                113.385762,
                23.243938
              ],
              [
                113.385259,
                23.244001
              ],
              [
                113.385003,
                23.24382
              ],
              [
                113.38451,
                23.242561
              ],
              [
                113.38381,
                23.242507
              ],
              [
                113.38148,
                23.24164
              ],
              [
                113.381376,
                23.241602
              ],
              [
                113.381011,
                23.241384
              ],
              [
                113.379917,
                23.240207
              ],
              [
                113.379286,
                23.238749
              ],
              [
                113.379075,
                23.238466
              ],
              [
                113.378547,
                23.237762
              ],
              [
                113.377594,
                23.237453
              ],
              [
                113.375443,
                23.23624
              ],
              [
                113.375108,
                23.23567
              ],
              [
                113.375019,
                23.234764
              ],
              [
                113.374368,
                23.233813
              ],
              [
                113.373501,
                23.232898
              ],
              [
                113.372909,
                23.231748
              ],
              [
                113.372703,
                23.23144
              ],
              [
                113.371175,
                23.231141
              ],
              [
                113.369643,
                23.231182
              ],
              [
                113.368815,
                23.231074
              ],
              [
                113.367903,
                23.231083
              ],
              [
                113.366954,
                23.230765
              ],
              [
                113.366523,
                23.231123
              ],
              [
                113.36608,
                23.231151
              ],
              [
                113.365656,
                23.231594
              ],
              [
                113.364049,
                23.231703
              ],
              [
                113.363823,
                23.232129
              ],
              [
                113.36332,
                23.232382
              ],
              [
                113.362936,
                23.232808
              ],
              [
                113.362206,
                23.232428
              ],
              [
                113.360846,
                23.23221
              ],
              [
                113.360728,
                23.231938
              ],
              [
                113.360768,
                23.230748
              ],
              [
                113.360896,
                23.229819
              ],
              [
                113.360876,
                23.228927
              ],
              [
                113.360418,
                23.227369
              ],
              [
                113.359772,
                23.226391
              ],
              [
                113.359191,
                23.225784
              ],
              [
                113.358767,
                23.225725
              ],
              [
                113.358757,
                23.224974
              ],
              [
                113.358244,
                23.224625
              ],
              [
                113.357826,
                23.225037
              ],
              [
                113.356702,
                23.224213
              ],
              [
                113.356599,
                23.223719
              ],
              [
                113.35579,
                23.222845
              ],
              [
                113.355751,
                23.222528
              ],
              [
                113.356495,
                23.221641
              ],
              [
                113.356939,
                23.221156
              ],
              [
                113.356988,
                23.220717
              ],
              [
                113.356781,
                23.220413
              ],
              [
                113.356554,
                23.220663
              ],
              [
                113.355997,
                23.220359
              ],
              [
                113.356362,
                23.219644
              ],
              [
                113.356722,
                23.21958
              ],
              [
                113.356599,
                23.218933
              ],
              [
                113.355692,
                23.218231
              ]
            ]
          ]
        ]
      }
    },
    {
      "type": "Feature",
      "id": "xintang",
      "properties": {
        "id": "xintang",
        "name": "新塘",
        "fullName": "新塘街道",
        "district": "天河区",
        "city": "广州市"
      },
      "geometry": {
        "type": "MultiPolygon",
        "coordinates": [
          [
            [
              [
                113.382818,
                23.155542
              ],
              [
                113.383774,
                23.154037
              ],
              [
                113.384,
                23.153682
              ],
              [
                113.384227,
                23.153318
              ],
              [
                113.384531,
                23.153032
              ],
              [
                113.384857,
                23.152903
              ],
              [
                113.385595,
                23.152864
              ],
              [
                113.386585,
                23.152746
              ],
              [
                113.388618,
                23.152492
              ],
              [
                113.389244,
                23.152431
              ],
              [
                113.389877,
                23.15225
              ],
              [
                113.390321,
                23.152058
              ],
              [
                113.390673,
                23.151751
              ],
              [
                113.390941,
                23.151359
              ],
              [
                113.391214,
                23.150549
              ],
              [
                113.391652,
                23.149406
              ],
              [
                113.391986,
                23.149087
              ],
              [
                113.392651,
                23.148522
              ],
              [
                113.39345,
                23.147847
              ],
              [
                113.394135,
                23.146853
              ],
              [
                113.394889,
                23.145731
              ],
              [
                113.395733,
                23.144971
              ],
              [
                113.395729,
                23.145061
              ],
              [
                113.395728,
                23.145112
              ],
              [
                113.395758,
                23.145254
              ],
              [
                113.396262,
                23.146174
              ],
              [
                113.39647,
                23.146528
              ],
              [
                113.396559,
                23.146964
              ],
              [
                113.39667,
                23.147215
              ],
              [
                113.396799,
                23.147346
              ],
              [
                113.397117,
                23.147555
              ],
              [
                113.397239,
                23.147666
              ],
              [
                113.397301,
                23.147827
              ],
              [
                113.397364,
                23.148059
              ],
              [
                113.39764,
                23.148812
              ],
              [
                113.39785,
                23.149323
              ],
              [
                113.397985,
                23.149547
              ],
              [
                113.398085,
                23.149642
              ],
              [
                113.398221,
                23.149677
              ],
              [
                113.398386,
                23.149648
              ],
              [
                113.398588,
                23.149532
              ],
              [
                113.398693,
                23.1495
              ],
              [
                113.398791,
                23.149529
              ],
              [
                113.398889,
                23.149616
              ],
              [
                113.398968,
                23.149854
              ],
              [
                113.399067,
                23.149994
              ],
              [
                113.399185,
                23.150084
              ],
              [
                113.399362,
                23.150095
              ],
              [
                113.399773,
                23.150039
              ],
              [
                113.399949,
                23.150022
              ],
              [
                113.400156,
                23.150049
              ],
              [
                113.400306,
                23.150089
              ],
              [
                113.400415,
                23.150219
              ],
              [
                113.400467,
                23.150394
              ],
              [
                113.4005,
                23.150566
              ],
              [
                113.400493,
                23.150685
              ],
              [
                113.400387,
                23.150848
              ],
              [
                113.40037,
                23.150974
              ],
              [
                113.400478,
                23.151601
              ],
              [
                113.400539,
                23.151762
              ],
              [
                113.400625,
                23.151831
              ],
              [
                113.400747,
                23.15186
              ],
              [
                113.400964,
                23.151858
              ],
              [
                113.401087,
                23.151887
              ],
              [
                113.401181,
                23.151938
              ],
              [
                113.40134,
                23.15221
              ],
              [
                113.40141,
                23.152443
              ],
              [
                113.401382,
                23.152764
              ],
              [
                113.401446,
                23.152799
              ],
              [
                113.401581,
                23.152815
              ],
              [
                113.402158,
                23.152617
              ],
              [
                113.402244,
                23.152644
              ],
              [
                113.402372,
                23.152791
              ],
              [
                113.402384,
                23.152873
              ],
              [
                113.402453,
                23.152858
              ],
              [
                113.403551,
                23.152766
              ],
              [
                113.403918,
                23.153103
              ],
              [
                113.406214,
                23.152216
              ],
              [
                113.407162,
                23.153462
              ],
              [
                113.407807,
                23.1536
              ],
              [
                113.408475,
                23.15381
              ],
              [
                113.410158,
                23.155245
              ],
              [
                113.410865,
                23.155298
              ],
              [
                113.412271,
                23.15521
              ],
              [
                113.412928,
                23.155392
              ],
              [
                113.413781,
                23.155907
              ],
              [
                113.415234,
                23.155169
              ],
              [
                113.418297,
                23.153088
              ],
              [
                113.419761,
                23.15243
              ],
              [
                113.421043,
                23.154251
              ],
              [
                113.421026,
                23.154786
              ],
              [
                113.422208,
                23.155276
              ],
              [
                113.427105,
                23.155415
              ],
              [
                113.427046,
                23.15592
              ],
              [
                113.425802,
                23.158236
              ],
              [
                113.425772,
                23.159433
              ],
              [
                113.425601,
                23.15959
              ],
              [
                113.426161,
                23.160266
              ],
              [
                113.425727,
                23.160782
              ],
              [
                113.425038,
                23.161214
              ],
              [
                113.424785,
                23.161964
              ],
              [
                113.417096,
                23.161595
              ],
              [
                113.411638,
                23.160315
              ],
              [
                113.407139,
                23.158777
              ],
              [
                113.408795,
                23.160263
              ],
              [
                113.409366,
                23.160735
              ],
              [
                113.409741,
                23.161713
              ],
              [
                113.410174,
                23.161731
              ],
              [
                113.410502,
                23.162315
              ],
              [
                113.410489,
                23.163105
              ],
              [
                113.412118,
                23.163188
              ],
              [
                113.412609,
                23.163242
              ],
              [
                113.412935,
                23.163451
              ],
              [
                113.413395,
                23.164041
              ],
              [
                113.413856,
                23.164601
              ],
              [
                113.413742,
                23.168219
              ],
              [
                113.410746,
                23.168455
              ],
              [
                113.410273,
                23.168119
              ],
              [
                113.409603,
                23.167956
              ],
              [
                113.409406,
                23.167684
              ],
              [
                113.409189,
                23.167757
              ],
              [
                113.410322,
                23.169895
              ],
              [
                113.410521,
                23.169409
              ],
              [
                113.410918,
                23.169254
              ],
              [
                113.414648,
                23.168823
              ],
              [
                113.414731,
                23.169434
              ],
              [
                113.415428,
                23.169185
              ],
              [
                113.415894,
                23.170451
              ],
              [
                113.416208,
                23.171729
              ],
              [
                113.416629,
                23.172079
              ],
              [
                113.415851,
                23.172768
              ],
              [
                113.417152,
                23.174779
              ],
              [
                113.418769,
                23.176319
              ],
              [
                113.419321,
                23.175594
              ],
              [
                113.419932,
                23.175323
              ],
              [
                113.421016,
                23.175286
              ],
              [
                113.421676,
                23.175546
              ],
              [
                113.424623,
                23.178437
              ],
              [
                113.423532,
                23.183245
              ],
              [
                113.423098,
                23.182942
              ],
              [
                113.420876,
                23.180378
              ],
              [
                113.419754,
                23.180994
              ],
              [
                113.418463,
                23.181285
              ],
              [
                113.416249,
                23.178482
              ],
              [
                113.415024,
                23.179324
              ],
              [
                113.414869,
                23.179347
              ],
              [
                113.414647,
                23.179203
              ],
              [
                113.413859,
                23.17816
              ],
              [
                113.412532,
                23.177049
              ],
              [
                113.412283,
                23.176804
              ],
              [
                113.410963,
                23.177435
              ],
              [
                113.410021,
                23.177648
              ],
              [
                113.409975,
                23.178006
              ],
              [
                113.409912,
                23.178208
              ],
              [
                113.4097,
                23.178439
              ],
              [
                113.409537,
                23.178532
              ],
              [
                113.410219,
                23.179491
              ],
              [
                113.411653,
                23.179563
              ],
              [
                113.411819,
                23.179585
              ],
              [
                113.412338,
                23.179603
              ],
              [
                113.412846,
                23.180044
              ],
              [
                113.413246,
                23.181091
              ],
              [
                113.41371,
                23.182
              ],
              [
                113.415871,
                23.183495
              ],
              [
                113.416009,
                23.185524
              ],
              [
                113.416295,
                23.186144
              ],
              [
                113.416443,
                23.186358
              ],
              [
                113.413841,
                23.188242
              ],
              [
                113.412848,
                23.188179
              ],
              [
                113.411975,
                23.187813
              ],
              [
                113.411398,
                23.187982
              ],
              [
                113.410775,
                23.187522
              ],
              [
                113.409744,
                23.185222
              ],
              [
                113.409846,
                23.184396
              ],
              [
                113.40907,
                23.18404
              ],
              [
                113.409539,
                23.183322
              ],
              [
                113.409253,
                23.183049
              ],
              [
                113.408431,
                23.183129
              ],
              [
                113.407563,
                23.182805
              ],
              [
                113.407538,
                23.182298
              ],
              [
                113.407803,
                23.182265
              ],
              [
                113.407844,
                23.181707
              ],
              [
                113.407466,
                23.180871
              ],
              [
                113.405383,
                23.180824
              ],
              [
                113.403198,
                23.178872
              ],
              [
                113.402738,
                23.177468
              ],
              [
                113.402023,
                23.177548
              ],
              [
                113.401852,
                23.177567
              ],
              [
                113.400895,
                23.178116
              ],
              [
                113.400594,
                23.178318
              ],
              [
                113.400395,
                23.178797
              ],
              [
                113.400466,
                23.179351
              ],
              [
                113.398613,
                23.179393
              ],
              [
                113.398296,
                23.179754
              ],
              [
                113.398276,
                23.180149
              ],
              [
                113.397862,
                23.181275
              ],
              [
                113.397888,
                23.181918
              ],
              [
                113.397607,
                23.182073
              ],
              [
                113.397147,
                23.182758
              ],
              [
                113.397391,
                23.182926
              ],
              [
                113.397352,
                23.183065
              ],
              [
                113.396688,
                23.182909
              ],
              [
                113.396315,
                23.18335
              ],
              [
                113.396151,
                23.18441
              ],
              [
                113.395891,
                23.184993
              ],
              [
                113.395835,
                23.185542
              ],
              [
                113.395728,
                23.185804
              ],
              [
                113.39536,
                23.185823
              ],
              [
                113.394987,
                23.186236
              ],
              [
                113.394696,
                23.186316
              ],
              [
                113.393849,
                23.18695
              ],
              [
                113.392725,
                23.186504
              ],
              [
                113.391878,
                23.186433
              ],
              [
                113.391347,
                23.186541
              ],
              [
                113.390813,
                23.18538
              ],
              [
                113.390024,
                23.185643
              ],
              [
                113.389334,
                23.184954
              ],
              [
                113.389551,
                23.184655
              ],
              [
                113.389245,
                23.184302
              ],
              [
                113.388032,
                23.184102
              ],
              [
                113.387835,
                23.183649
              ],
              [
                113.386977,
                23.183676
              ],
              [
                113.385313,
                23.184324
              ],
              [
                113.385126,
                23.183948
              ],
              [
                113.385037,
                23.183486
              ],
              [
                113.384643,
                23.183024
              ],
              [
                113.384687,
                23.181234
              ],
              [
                113.385407,
                23.180265
              ],
              [
                113.385974,
                23.179885
              ],
              [
                113.385964,
                23.179513
              ],
              [
                113.386328,
                23.179404
              ],
              [
                113.386698,
                23.179463
              ],
              [
                113.387058,
                23.178947
              ],
              [
                113.38725,
                23.178922
              ],
              [
                113.387547,
                23.178883
              ],
              [
                113.387718,
                23.178861
              ],
              [
                113.388162,
                23.179015
              ],
              [
                113.388561,
                23.178539
              ],
              [
                113.388856,
                23.178448
              ],
              [
                113.389591,
                23.177742
              ],
              [
                113.390123,
                23.176895
              ],
              [
                113.390152,
                23.175898
              ],
              [
                113.388561,
                23.175866
              ],
              [
                113.388654,
                23.172168
              ],
              [
                113.38853,
                23.172179
              ],
              [
                113.387908,
                23.172189
              ],
              [
                113.387573,
                23.172302
              ],
              [
                113.387279,
                23.172387
              ],
              [
                113.386542,
                23.173617
              ],
              [
                113.385413,
                23.173195
              ],
              [
                113.384963,
                23.173259
              ],
              [
                113.384499,
                23.173085
              ],
              [
                113.38459,
                23.172492
              ],
              [
                113.384781,
                23.172318
              ],
              [
                113.385258,
                23.172164
              ],
              [
                113.385276,
                23.171817
              ],
              [
                113.385615,
                23.171788
              ],
              [
                113.38563,
                23.171695
              ],
              [
                113.3857,
                23.171584
              ],
              [
                113.38632,
                23.171594
              ],
              [
                113.386762,
                23.17181
              ],
              [
                113.386953,
                23.171782
              ],
              [
                113.387278,
                23.17206
              ],
              [
                113.387336,
                23.172191
              ],
              [
                113.387492,
                23.172241
              ],
              [
                113.387914,
                23.172126
              ],
              [
                113.388705,
                23.172099
              ],
              [
                113.389045,
                23.172047
              ],
              [
                113.389975,
                23.171812
              ],
              [
                113.390359,
                23.169959
              ],
              [
                113.390266,
                23.168301
              ],
              [
                113.389773,
                23.167734
              ],
              [
                113.3899,
                23.16761
              ],
              [
                113.390414,
                23.16734
              ],
              [
                113.390655,
                23.167
              ],
              [
                113.390759,
                23.16594
              ],
              [
                113.38995,
                23.165324
              ],
              [
                113.38896,
                23.16512
              ],
              [
                113.388935,
                23.164001
              ],
              [
                113.389453,
                23.163756
              ],
              [
                113.389556,
                23.163371
              ],
              [
                113.389344,
                23.162628
              ],
              [
                113.389083,
                23.162037
              ],
              [
                113.387876,
                23.162139
              ],
              [
                113.386195,
                23.159729
              ],
              [
                113.386146,
                23.157889
              ],
              [
                113.385934,
                23.157586
              ],
              [
                113.385619,
                23.157513
              ],
              [
                113.385229,
                23.15764
              ],
              [
                113.385185,
                23.157758
              ],
              [
                113.385023,
                23.157694
              ],
              [
                113.385003,
                23.157237
              ],
              [
                113.384175,
                23.157092
              ],
              [
                113.382835,
                23.157545
              ],
              [
                113.382854,
                23.157164
              ],
              [
                113.38315,
                23.157019
              ],
              [
                113.38317,
                23.156512
              ],
              [
                113.383456,
                23.156269
              ],
              [
                113.383217,
                23.156022
              ],
              [
                113.382818,
                23.155542
              ]
            ]
          ]
        ]
      }
    },
    {
      "type": "Feature",
      "id": "zhuji",
      "properties": {
        "id": "zhuji",
        "name": "珠吉",
        "fullName": "珠吉街道",
        "district": "天河区",
        "city": "广州市"
      },
      "geometry": {
        "type": "MultiPolygon",
        "coordinates": [
          [
            [
              [
                113.411087,
                23.121287
              ],
              [
                113.412251,
                23.120932
              ],
              [
                113.41519,
                23.119424
              ],
              [
                113.417074,
                23.118326
              ],
              [
                113.419651,
                23.116888
              ],
              [
                113.421523,
                23.115318
              ],
              [
                113.423815,
                23.121683
              ],
              [
                113.424298,
                23.122182
              ],
              [
                113.424919,
                23.122526
              ],
              [
                113.425451,
                23.122644
              ],
              [
                113.4255,
                23.12297
              ],
              [
                113.425392,
                23.123287
              ],
              [
                113.425884,
                23.124575
              ],
              [
                113.429645,
                23.123607
              ],
              [
                113.429728,
                23.124049
              ],
              [
                113.430073,
                23.124067
              ],
              [
                113.430191,
                23.12423
              ],
              [
                113.431118,
                23.12404
              ],
              [
                113.431276,
                23.12433
              ],
              [
                113.433858,
                23.123795
              ],
              [
                113.434134,
                23.124701
              ],
              [
                113.43509,
                23.124973
              ],
              [
                113.43547,
                23.125592
              ],
              [
                113.435129,
                23.127638
              ],
              [
                113.436115,
                23.129324
              ],
              [
                113.436006,
                23.130457
              ],
              [
                113.436568,
                23.13072
              ],
              [
                113.438007,
                23.133529
              ],
              [
                113.438776,
                23.13391
              ],
              [
                113.43918,
                23.134191
              ],
              [
                113.439801,
                23.134082
              ],
              [
                113.440954,
                23.133557
              ],
              [
                113.441112,
                23.134019
              ],
              [
                113.440028,
                23.134889
              ],
              [
                113.439331,
                23.136136
              ],
              [
                113.439426,
                23.137354
              ],
              [
                113.441713,
                23.138351
              ],
              [
                113.442265,
                23.138695
              ],
              [
                113.442344,
                23.139801
              ],
              [
                113.442146,
                23.140526
              ],
              [
                113.441555,
                23.142049
              ],
              [
                113.442383,
                23.144151
              ],
              [
                113.43164,
                23.145873
              ],
              [
                113.432409,
                23.151202
              ],
              [
                113.432796,
                23.157294
              ],
              [
                113.430206,
                23.155003
              ],
              [
                113.429255,
                23.154482
              ],
              [
                113.428053,
                23.154881
              ],
              [
                113.427517,
                23.155404
              ],
              [
                113.427105,
                23.155415
              ],
              [
                113.422208,
                23.155276
              ],
              [
                113.421026,
                23.154786
              ],
              [
                113.421043,
                23.154251
              ],
              [
                113.419761,
                23.15243
              ],
              [
                113.419079,
                23.15181
              ],
              [
                113.41863,
                23.152009
              ],
              [
                113.417939,
                23.151772
              ],
              [
                113.417931,
                23.151291
              ],
              [
                113.417872,
                23.147648
              ],
              [
                113.41828,
                23.147158
              ],
              [
                113.418139,
                23.146179
              ],
              [
                113.418388,
                23.145475
              ],
              [
                113.418263,
                23.144097
              ],
              [
                113.418372,
                23.14357
              ],
              [
                113.417964,
                23.143118
              ],
              [
                113.417473,
                23.143034
              ],
              [
                113.417465,
                23.142927
              ],
              [
                113.418114,
                23.142781
              ],
              [
                113.417964,
                23.142208
              ],
              [
                113.418064,
                23.141488
              ],
              [
                113.418272,
                23.141098
              ],
              [
                113.41808,
                23.140746
              ],
              [
                113.41848,
                23.140149
              ],
              [
                113.418513,
                23.139331
              ],
              [
                113.418313,
                23.13894
              ],
              [
                113.417148,
                23.138864
              ],
              [
                113.416907,
                23.139155
              ],
              [
                113.416358,
                23.139109
              ],
              [
                113.415784,
                23.138718
              ],
              [
                113.415517,
                23.13894
              ],
              [
                113.414777,
                23.138879
              ],
              [
                113.413845,
                23.139529
              ],
              [
                113.413487,
                23.138994
              ],
              [
                113.414219,
                23.138144
              ],
              [
                113.414119,
                23.137777
              ],
              [
                113.412929,
                23.137502
              ],
              [
                113.412929,
                23.137196
              ],
              [
                113.415734,
                23.137685
              ],
              [
                113.416524,
                23.137303
              ],
              [
                113.416316,
                23.136828
              ],
              [
                113.416524,
                23.136469
              ],
              [
                113.416657,
                23.135007
              ],
              [
                113.415068,
                23.134892
              ],
              [
                113.415001,
                23.133362
              ],
              [
                113.413229,
                23.133086
              ],
              [
                113.412355,
                23.129765
              ],
              [
                113.412014,
                23.129712
              ],
              [
                113.411848,
                23.128985
              ],
              [
                113.412255,
                23.128931
              ],
              [
                113.412264,
                23.128771
              ],
              [
                113.412738,
                23.128671
              ],
              [
                113.412855,
                23.128074
              ],
              [
                113.412696,
                23.126934
              ],
              [
                113.412921,
                23.126766
              ],
              [
                113.412755,
                23.126153
              ],
              [
                113.41111,
                23.125031
              ],
              [
                113.411087,
                23.121287
              ]
            ]
          ]
        ]
      }
    },
    {
      "type": "Feature",
      "id": "huangcun",
      "properties": {
        "id": "huangcun",
        "name": "黄村",
        "fullName": "黄村街道",
        "district": "天河区",
        "city": "广州市"
      },
      "geometry": {
        "type": "MultiPolygon",
        "coordinates": [
          [
            [
              [
                113.393834,
                23.137258
              ],
              [
                113.393946,
                23.136986
              ],
              [
                113.394156,
                23.136738
              ],
              [
                113.394576,
                23.136558
              ],
              [
                113.395247,
                23.135937
              ],
              [
                113.395666,
                23.135481
              ],
              [
                113.395842,
                23.135097
              ],
              [
                113.395924,
                23.134681
              ],
              [
                113.395869,
                23.134397
              ],
              [
                113.395685,
                23.133444
              ],
              [
                113.395817,
                23.133408
              ],
              [
                113.399191,
                23.132551
              ],
              [
                113.399108,
                23.130454
              ],
              [
                113.39959,
                23.130378
              ],
              [
                113.399607,
                23.129551
              ],
              [
                113.399491,
                23.128924
              ],
              [
                113.399091,
                23.128832
              ],
              [
                113.399324,
                23.126643
              ],
              [
                113.397993,
                23.125174
              ],
              [
                113.399391,
                23.123873
              ],
              [
                113.400656,
                23.123001
              ],
              [
                113.407737,
                23.121983
              ],
              [
                113.411087,
                23.121287
              ],
              [
                113.41111,
                23.125031
              ],
              [
                113.412755,
                23.126153
              ],
              [
                113.412921,
                23.126766
              ],
              [
                113.412696,
                23.126934
              ],
              [
                113.412855,
                23.128074
              ],
              [
                113.412738,
                23.128671
              ],
              [
                113.412264,
                23.128771
              ],
              [
                113.412255,
                23.128931
              ],
              [
                113.411848,
                23.128985
              ],
              [
                113.412014,
                23.129712
              ],
              [
                113.412355,
                23.129765
              ],
              [
                113.413229,
                23.133086
              ],
              [
                113.415001,
                23.133362
              ],
              [
                113.415068,
                23.134892
              ],
              [
                113.416657,
                23.135007
              ],
              [
                113.416524,
                23.136469
              ],
              [
                113.416316,
                23.136828
              ],
              [
                113.416524,
                23.137303
              ],
              [
                113.415734,
                23.137685
              ],
              [
                113.412929,
                23.137196
              ],
              [
                113.412929,
                23.137502
              ],
              [
                113.414119,
                23.137777
              ],
              [
                113.414219,
                23.138144
              ],
              [
                113.413487,
                23.138994
              ],
              [
                113.413845,
                23.139529
              ],
              [
                113.414777,
                23.138879
              ],
              [
                113.415517,
                23.13894
              ],
              [
                113.415784,
                23.138718
              ],
              [
                113.416358,
                23.139109
              ],
              [
                113.416907,
                23.139155
              ],
              [
                113.417148,
                23.138864
              ],
              [
                113.418313,
                23.13894
              ],
              [
                113.418513,
                23.139331
              ],
              [
                113.41848,
                23.140149
              ],
              [
                113.41808,
                23.140746
              ],
              [
                113.418272,
                23.141098
              ],
              [
                113.418064,
                23.141488
              ],
              [
                113.417964,
                23.142208
              ],
              [
                113.418114,
                23.142781
              ],
              [
                113.417465,
                23.142927
              ],
              [
                113.417473,
                23.143034
              ],
              [
                113.417964,
                23.143118
              ],
              [
                113.418372,
                23.14357
              ],
              [
                113.418263,
                23.144097
              ],
              [
                113.418388,
                23.145475
              ],
              [
                113.418139,
                23.146179
              ],
              [
                113.41828,
                23.147158
              ],
              [
                113.417872,
                23.147648
              ],
              [
                113.417931,
                23.151291
              ],
              [
                113.417939,
                23.151772
              ],
              [
                113.41863,
                23.152009
              ],
              [
                113.419079,
                23.15181
              ],
              [
                113.419761,
                23.15243
              ],
              [
                113.418297,
                23.153088
              ],
              [
                113.415234,
                23.155169
              ],
              [
                113.413781,
                23.155907
              ],
              [
                113.412928,
                23.155392
              ],
              [
                113.412271,
                23.15521
              ],
              [
                113.410865,
                23.155298
              ],
              [
                113.410158,
                23.155245
              ],
              [
                113.408475,
                23.15381
              ],
              [
                113.407807,
                23.1536
              ],
              [
                113.407162,
                23.153462
              ],
              [
                113.406214,
                23.152216
              ],
              [
                113.403918,
                23.153103
              ],
              [
                113.403551,
                23.152766
              ],
              [
                113.402453,
                23.152858
              ],
              [
                113.402384,
                23.152873
              ],
              [
                113.402372,
                23.152791
              ],
              [
                113.402244,
                23.152644
              ],
              [
                113.402158,
                23.152617
              ],
              [
                113.401581,
                23.152815
              ],
              [
                113.401446,
                23.152799
              ],
              [
                113.401382,
                23.152764
              ],
              [
                113.40141,
                23.152443
              ],
              [
                113.40134,
                23.15221
              ],
              [
                113.401181,
                23.151938
              ],
              [
                113.401087,
                23.151887
              ],
              [
                113.400964,
                23.151858
              ],
              [
                113.400747,
                23.15186
              ],
              [
                113.400625,
                23.151831
              ],
              [
                113.400539,
                23.151762
              ],
              [
                113.400478,
                23.151601
              ],
              [
                113.40037,
                23.150974
              ],
              [
                113.400387,
                23.150848
              ],
              [
                113.400493,
                23.150685
              ],
              [
                113.4005,
                23.150566
              ],
              [
                113.400467,
                23.150394
              ],
              [
                113.400415,
                23.150219
              ],
              [
                113.400306,
                23.150089
              ],
              [
                113.400156,
                23.150049
              ],
              [
                113.399949,
                23.150022
              ],
              [
                113.399773,
                23.150039
              ],
              [
                113.399362,
                23.150095
              ],
              [
                113.399185,
                23.150084
              ],
              [
                113.399067,
                23.149994
              ],
              [
                113.398968,
                23.149854
              ],
              [
                113.398889,
                23.149616
              ],
              [
                113.398791,
                23.149529
              ],
              [
                113.398693,
                23.1495
              ],
              [
                113.398588,
                23.149532
              ],
              [
                113.398386,
                23.149648
              ],
              [
                113.398221,
                23.149677
              ],
              [
                113.398085,
                23.149642
              ],
              [
                113.397985,
                23.149547
              ],
              [
                113.39785,
                23.149323
              ],
              [
                113.39764,
                23.148812
              ],
              [
                113.397364,
                23.148059
              ],
              [
                113.397301,
                23.147827
              ],
              [
                113.397239,
                23.147666
              ],
              [
                113.397117,
                23.147555
              ],
              [
                113.396799,
                23.147346
              ],
              [
                113.39667,
                23.147215
              ],
              [
                113.396559,
                23.146964
              ],
              [
                113.39647,
                23.146528
              ],
              [
                113.396262,
                23.146174
              ],
              [
                113.395758,
                23.145254
              ],
              [
                113.395728,
                23.145112
              ],
              [
                113.395729,
                23.145061
              ],
              [
                113.395733,
                23.144971
              ],
              [
                113.396448,
                23.144387
              ],
              [
                113.396895,
                23.143983
              ],
              [
                113.397116,
                23.143735
              ],
              [
                113.397395,
                23.143391
              ],
              [
                113.397601,
                23.142831
              ],
              [
                113.397644,
                23.142265
              ],
              [
                113.397575,
                23.141748
              ],
              [
                113.397554,
                23.141583
              ],
              [
                113.397273,
                23.141011
              ],
              [
                113.396799,
                23.140201
              ],
              [
                113.396627,
                23.139865
              ],
              [
                113.396232,
                23.139099
              ],
              [
                113.39585,
                23.138824
              ],
              [
                113.394348,
                23.138205
              ],
              [
                113.393985,
                23.137884
              ],
              [
                113.393855,
                23.137578
              ],
              [
                113.393834,
                23.137258
              ]
            ]
          ]
        ]
      }
    },
    {
      "type": "Feature",
      "id": "qianjin",
      "properties": {
        "id": "qianjin",
        "name": "前进",
        "fullName": "前进街道",
        "district": "天河区",
        "city": "广州市"
      },
      "geometry": {
        "type": "MultiPolygon",
        "coordinates": [
          [
            [
              [
                113.391893,
                23.106787
              ],
              [
                113.393646,
                23.106527
              ],
              [
                113.395349,
                23.105456
              ],
              [
                113.398047,
                23.104026
              ],
              [
                113.398712,
                23.104778
              ],
              [
                113.399077,
                23.104859
              ],
              [
                113.399392,
                23.105349
              ],
              [
                113.401166,
                23.103925
              ],
              [
                113.400509,
                23.102838
              ],
              [
                113.402536,
                23.101405
              ],
              [
                113.404162,
                23.103744
              ],
              [
                113.409221,
                23.100391
              ],
              [
                113.4116,
                23.105648
              ],
              [
                113.416088,
                23.103998
              ],
              [
                113.416975,
                23.105929
              ],
              [
                113.415418,
                23.107098
              ],
              [
                113.415398,
                23.10795
              ],
              [
                113.416817,
                23.108177
              ],
              [
                113.418305,
                23.108023
              ],
              [
                113.419015,
                23.108385
              ],
              [
                113.418995,
                23.109056
              ],
              [
                113.418512,
                23.11018
              ],
              [
                113.41934,
                23.11077
              ],
              [
                113.420503,
                23.111051
              ],
              [
                113.420957,
                23.111948
              ],
              [
                113.420484,
                23.113163
              ],
              [
                113.421092,
                23.114436
              ],
              [
                113.421523,
                23.115318
              ],
              [
                113.419651,
                23.116888
              ],
              [
                113.417074,
                23.118326
              ],
              [
                113.41519,
                23.119424
              ],
              [
                113.412251,
                23.120932
              ],
              [
                113.411087,
                23.121287
              ],
              [
                113.407737,
                23.121983
              ],
              [
                113.400656,
                23.123001
              ],
              [
                113.399391,
                23.123873
              ],
              [
                113.398892,
                23.122786
              ],
              [
                113.399707,
                23.122419
              ],
              [
                113.399407,
                23.121286
              ],
              [
                113.398342,
                23.121608
              ],
              [
                113.397933,
                23.121691
              ],
              [
                113.39771,
                23.121041
              ],
              [
                113.397231,
                23.118956
              ],
              [
                113.396702,
                23.11696
              ],
              [
                113.395079,
                23.116849
              ],
              [
                113.395781,
                23.114985
              ],
              [
                113.395846,
                23.112439
              ],
              [
                113.395879,
                23.111628
              ],
              [
                113.393324,
                23.112535
              ],
              [
                113.392906,
                23.110759
              ],
              [
                113.391893,
                23.106787
              ]
            ]
          ]
        ]
      }
    },
    {
      "type": "Feature",
      "id": "shadong",
      "properties": {
        "id": "shadong",
        "name": "沙东",
        "fullName": "沙东街道",
        "district": "天河区",
        "city": "广州市"
      },
      "geometry": {
        "type": "MultiPolygon",
        "coordinates": [
          [
            [
              [
                113.294098,
                23.150857
              ],
              [
                113.294196,
                23.150656
              ],
              [
                113.295465,
                23.151984
              ],
              [
                113.298041,
                23.154663
              ],
              [
                113.299042,
                23.155301
              ],
              [
                113.300072,
                23.155644
              ],
              [
                113.300865,
                23.155763
              ],
              [
                113.305971,
                23.155993
              ],
              [
                113.308427,
                23.155956
              ],
              [
                113.311301,
                23.155522
              ],
              [
                113.312267,
                23.156171
              ],
              [
                113.315155,
                23.157051
              ],
              [
                113.31751,
                23.159017
              ],
              [
                113.3185,
                23.159798
              ],
              [
                113.315579,
                23.162797
              ],
              [
                113.317464,
                23.165329
              ],
              [
                113.319024,
                23.167425
              ],
              [
                113.320198,
                23.167685
              ],
              [
                113.320151,
                23.167879
              ],
              [
                113.320031,
                23.168381
              ],
              [
                113.319765,
                23.168307
              ],
              [
                113.317643,
                23.167716
              ],
              [
                113.313316,
                23.167884
              ],
              [
                113.311868,
                23.167609
              ],
              [
                113.311993,
                23.169077
              ],
              [
                113.311111,
                23.169483
              ],
              [
                113.310337,
                23.169491
              ],
              [
                113.308232,
                23.171556
              ],
              [
                113.306259,
                23.171617
              ],
              [
                113.305028,
                23.171923
              ],
              [
                113.304041,
                23.171336
              ],
              [
                113.304797,
                23.170656
              ],
              [
                113.304895,
                23.170167
              ],
              [
                113.304057,
                23.169007
              ],
              [
                113.30456,
                23.168609
              ],
              [
                113.304087,
                23.167358
              ],
              [
                113.305023,
                23.167141
              ],
              [
                113.305161,
                23.166896
              ],
              [
                113.306265,
                23.166525
              ],
              [
                113.306402,
                23.166032
              ],
              [
                113.306719,
                23.165537
              ],
              [
                113.305329,
                23.163535
              ],
              [
                113.30665,
                23.162202
              ],
              [
                113.306955,
                23.16155
              ],
              [
                113.306931,
                23.159854
              ],
              [
                113.306502,
                23.159665
              ],
              [
                113.305354,
                23.15991
              ],
              [
                113.305009,
                23.160114
              ],
              [
                113.304905,
                23.16034
              ],
              [
                113.304733,
                23.160494
              ],
              [
                113.304673,
                23.161219
              ],
              [
                113.304688,
                23.162085
              ],
              [
                113.304491,
                23.162352
              ],
              [
                113.304126,
                23.162411
              ],
              [
                113.303969,
                23.16116
              ],
              [
                113.303801,
                23.160893
              ],
              [
                113.303249,
                23.161083
              ],
              [
                113.303402,
                23.161382
              ],
              [
                113.302688,
                23.16208
              ],
              [
                113.302451,
                23.162021
              ],
              [
                113.30216,
                23.161681
              ],
              [
                113.301771,
                23.161618
              ],
              [
                113.300808,
                23.162127
              ],
              [
                113.302,
                23.160877
              ],
              [
                113.302326,
                23.160431
              ],
              [
                113.303193,
                23.159114
              ],
              [
                113.303217,
                23.159078
              ],
              [
                113.303367,
                23.158687
              ],
              [
                113.302895,
                23.158632
              ],
              [
                113.301385,
                23.158231
              ],
              [
                113.298479,
                23.15673
              ],
              [
                113.296325,
                23.154831
              ],
              [
                113.295137,
                23.152031
              ],
              [
                113.294098,
                23.150857
              ]
            ]
          ]
        ]
      }
    }
  ]
}
